sensor_type,temperature,humidity,soilMoisture,lightIntensity,timestamp
milky_mushroom,28.9,72.0,16.0,0.0,2024-12-28 13:51:52.287
milky_mushroom,28.9,72.1,19.0,60.0,2024-12-28 13:51:57.507
milky_mushroom,29.0,71.9,19.0,62.0,2024-12-28 13:52:02.947
milky_mushroom,29.0,71.7,18.0,62.0,2024-12-28 13:52:08.155
milky_mushroom,29.0,71.6,19.0,62.0,2024-12-28 13:52:13.479
milky_mushroom,29.0,71.8,18.0,60.0,2024-12-28 13:52:18.805
milky_mushroom,29.0,71.7,19.0,62.0,2024-12-28 13:52:24.039
milky_mushroom,29.0,71.5,18.0,62.0,2024-12-28 13:52:29.307
milky_mushroom,29.1,71.4,19.0,60.0,2024-12-28 13:52:34.590
milky_mushroom,29.1,71.3,18.0,59.0,2024-12-28 13:52:39.807
milky_mushroom,29.1,71.3,19.0,58.0,2024-12-28 13:52:45.028
milky_mushroom,29.1,71.3,18.0,57.0,2024-12-28 13:52:50.358
milky_mushroom,29.1,71.2,19.0,58.0,2024-12-28 13:52:55.578
milky_mushroom,29.1,71.2,18.0,59.0,2024-12-28 13:53:00.767
milky_mushroom,29.1,71.2,18.0,58.0,2024-12-28 13:53:06.027
milky_mushroom,29.1,71.4,20.0,61.0,2024-12-28 13:53:11.345
milky_mushroom,29.1,71.5,19.0,59.0,2024-12-28 13:53:16.586
milky_mushroom,29.1,71.5,18.0,59.0,2024-12-28 13:53:21.799
milky_mushroom,29.1,71.7,19.0,58.0,2024-12-28 13:53:27.122
milky_mushroom,29.2,72.1,20.0,60.0,2024-12-28 13:53:32.436
milky_mushroom,29.2,72.2,18.0,58.0,2024-12-28 13:53:37.763
milky_mushroom,29.2,71.9,14.0,55.0,2024-12-28 13:53:42.979
milky_mushroom,29.2,72.1,20.0,60.0,2024-12-28 13:53:48.209
milky_mushroom,29.2,71.9,19.0,58.0,2024-12-28 13:53:53.440
milky_mushroom,29.2,71.5,18.0,57.0,2024-12-28 13:53:58.755
milky_mushroom,29.2,71.4,18.0,57.0,2024-12-28 13:54:04.092
milky_mushroom,29.2,71.2,18.0,55.0,2024-12-28 13:54:09.425
milky_mushroom,29.3,71.2,19.0,59.0,2024-12-28 13:54:14.736
milky_mushroom,29.3,71.5,18.0,56.0,2024-12-28 13:54:20.075
milky_mushroom,29.2,71.5,18.0,56.0,2024-12-28 13:54:25.281
milky_mushroom,29.3,71.5,18.0,56.0,2024-12-28 13:54:30.511
milky_mushroom,29.3,71.6,18.0,57.0,2024-12-28 13:54:35.930
milky_mushroom,29.4,71.5,18.0,56.0,2024-12-28 13:54:41.252
milky_mushroom,29.3,71.3,18.0,57.0,2024-12-28 13:54:46.691
milky_mushroom,29.3,71.2,18.0,57.0,2024-12-28 13:54:52.026
milky_mushroom,29.4,71.2,18.0,57.0,2024-12-28 13:54:57.341
milky_mushroom,29.4,71.2,19.0,57.0,2024-12-28 13:55:02.566
milky_mushroom,29.4,71.2,18.0,56.0,2024-12-28 13:55:07.738
milky_mushroom,29.4,71.1,18.0,57.0,2024-12-28 13:55:13.118
milky_mushroom,29.4,71.3,18.0,57.0,2024-12-28 13:55:18.333
milky_mushroom,29.4,71.2,18.0,57.0,2024-12-28 13:55:23.563
milky_mushroom,29.4,71.3,18.0,57.0,2024-12-28 13:55:28.771
milky_mushroom,29.4,71.4,18.0,54.0,2024-12-28 13:55:33.982
milky_mushroom,29.4,71.2,18.0,56.0,2024-12-28 13:55:39.220
milky_mushroom,29.5,71.1,19.0,57.0,2024-12-28 13:55:44.439
milky_mushroom,29.4,71.2,19.0,57.0,2024-12-28 13:55:49.665
milky_mushroom,29.5,71.2,18.0,57.0,2024-12-28 13:55:54.897
milky_mushroom,29.5,71.0,18.0,58.0,2024-12-28 13:56:00.102
milky_mushroom,29.5,71.0,18.0,57.0,2024-12-28 13:56:05.332
milky_mushroom,29.5,71.0,18.0,57.0,2024-12-28 13:56:10.583
milky_mushroom,29.5,70.8,18.0,54.0,2024-12-28 13:56:15.848
milky_mushroom,29.5,70.7,17.0,55.0,2024-12-28 13:56:21.113
milky_mushroom,29.5,70.6,19.0,58.0,2024-12-28 13:56:26.332
milky_mushroom,29.6,70.5,19.0,57.0,2024-12-28 13:56:31.650
milky_mushroom,29.5,70.9,18.0,55.0,2024-12-28 13:56:36.988
milky_mushroom,29.6,71.0,19.0,57.0,2024-12-28 13:56:42.195
milky_mushroom,29.5,71.0,18.0,57.0,2024-12-28 13:56:47.422
milky_mushroom,29.6,70.9,19.0,58.0,2024-12-28 13:56:52.642
milky_mushroom,29.6,70.7,17.0,55.0,2024-12-28 13:56:57.981
milky_mushroom,29.6,70.6,19.0,56.0,2024-12-28 13:57:03.293
milky_mushroom,29.6,70.8,18.0,54.0,2024-12-28 13:57:08.504
milky_mushroom,29.6,70.8,18.0,55.0,2024-12-28 13:57:13.733
milky_mushroom,29.6,70.7,18.0,55.0,2024-12-28 13:57:19.056
milky_mushroom,29.6,70.4,18.0,55.0,2024-12-28 13:57:24.294
milky_mushroom,29.6,70.2,18.0,57.0,2024-12-28 13:57:29.498
milky_mushroom,29.7,70.1,19.0,57.0,2024-12-28 13:57:34.740
milky_mushroom,29.7,70.0,18.0,56.0,2024-12-28 13:57:39.946
milky_mushroom,29.7,70.0,18.0,57.0,2024-12-28 13:57:45.183
milky_mushroom,29.7,69.8,18.0,56.0,2024-12-28 13:57:50.393
milky_mushroom,29.7,69.6,18.0,57.0,2024-12-28 13:57:55.626
milky_mushroom,29.7,69.6,18.0,57.0,2024-12-28 13:58:00.805
milky_mushroom,29.6,69.6,17.0,56.0,2024-12-28 13:58:06.063
milky_mushroom,29.7,69.6,18.0,57.0,2024-12-28 13:58:11.288
milky_mushroom,29.7,69.6,19.0,58.0,2024-12-28 13:58:16.508
milky_mushroom,29.7,69.7,17.0,54.0,2024-12-28 13:58:21.740
milky_mushroom,29.6,69.7,19.0,59.0,2024-12-28 13:58:27.055
milky_mushroom,29.7,69.4,19.0,58.0,2024-12-28 13:58:32.278
milky_mushroom,29.7,69.6,18.0,57.0,2024-12-28 13:58:37.506
milky_mushroom,29.6,69.5,18.0,58.0,2024-12-28 13:58:42.833
milky_mushroom,29.6,69.7,19.0,58.0,2024-12-28 13:58:48.153
milky_mushroom,29.7,69.5,19.0,57.0,2024-12-28 13:58:53.369
milky_mushroom,29.6,69.5,19.0,59.0,2024-12-28 13:58:58.594
milky_mushroom,29.6,69.5,18.0,57.0,2024-12-28 13:59:03.825
milky_mushroom,29.6,69.7,18.0,58.0,2024-12-28 13:59:09.132
milky_mushroom,29.6,69.8,17.0,55.0,2024-12-28 13:59:14.345
milky_mushroom,29.6,69.9,18.0,56.0,2024-12-28 13:59:19.592
milky_mushroom,29.6,70.1,19.0,59.0,2024-12-28 13:59:24.915
milky_mushroom,29.6,70.3,18.0,57.0,2024-12-28 13:59:30.140
milky_mushroom,29.6,70.0,18.0,55.0,2024-12-28 13:59:35.365
milky_mushroom,29.6,70.1,19.0,58.0,2024-12-28 13:59:40.593
milky_mushroom,29.6,70.2,19.0,57.0,2024-12-28 13:59:45.804
milky_mushroom,29.7,70.3,18.0,55.0,2024-12-28 13:59:51.135
milky_mushroom,29.6,70.0,18.0,55.0,2024-12-28 13:59:56.337
milky_mushroom,29.6,69.7,18.0,57.0,2024-12-28 14:00:01.675
milky_mushroom,29.6,69.7,18.0,56.0,2024-12-28 14:00:07.016
milky_mushroom,29.7,70.0,18.0,55.0,2024-12-28 14:00:12.437
milky_mushroom,29.6,69.8,18.0,55.0,2024-12-28 14:00:17.760
milky_mushroom,29.6,69.9,19.0,56.0,2024-12-28 14:00:22.957
milky_mushroom,29.6,70.0,18.0,55.0,2024-12-28 14:00:28.206
milky_mushroom,29.6,70.3,19.0,56.0,2024-12-28 14:00:33.523
milky_mushroom,29.6,70.5,18.0,56.0,2024-12-28 14:00:38.725
milky_mushroom,29.7,70.5,18.0,55.0,2024-12-28 14:00:43.965
milky_mushroom,29.6,70.3,18.0,56.0,2024-12-28 14:00:49.197
milky_mushroom,29.6,70.4,18.0,54.0,2024-12-28 14:00:54.416
milky_mushroom,29.6,70.2,18.0,56.0,2024-12-28 14:00:59.847
milky_mushroom,29.6,70.1,19.0,56.0,2024-12-28 14:01:05.159
milky_mushroom,29.6,70.1,19.0,56.0,2024-12-28 14:01:10.502
milky_mushroom,29.6,70.0,18.0,55.0,2024-12-28 14:01:15.816
milky_mushroom,29.6,70.0,17.0,53.0,2024-12-28 14:01:21.047
milky_mushroom,29.6,69.8,19.0,56.0,2024-12-28 14:01:26.267
milky_mushroom,29.7,69.9,19.0,55.0,2024-12-28 14:01:31.454
milky_mushroom,29.7,69.9,18.0,54.0,2024-12-28 14:01:36.707
milky_mushroom,29.6,70.0,17.0,54.0,2024-12-28 14:01:41.938
milky_mushroom,29.6,70.0,18.0,55.0,2024-12-28 14:01:47.240
milky_mushroom,29.6,70.0,18.0,53.0,2024-12-28 14:01:52.492
milky_mushroom,29.7,70.1,18.0,55.0,2024-12-28 14:01:57.751
milky_mushroom,29.6,69.9,17.0,54.0,2024-12-28 14:02:03.027
milky_mushroom,29.6,70.0,17.0,53.0,2024-12-28 14:02:08.399
milky_mushroom,29.6,70.0,17.0,53.0,2024-12-28 14:02:13.599
milky_mushroom,29.6,70.1,18.0,56.0,2024-12-28 14:02:18.900
milky_mushroom,29.7,70.1,18.0,54.0,2024-12-28 14:02:24.180
milky_mushroom,29.7,70.1,18.0,54.0,2024-12-28 14:02:29.391
milky_mushroom,29.6,70.2,18.0,56.0,2024-12-28 14:02:34.668
milky_mushroom,29.7,70.4,18.0,54.0,2024-12-28 14:02:39.898
milky_mushroom,29.7,70.5,18.0,53.0,2024-12-28 14:02:45.123
milky_mushroom,29.7,70.2,17.0,55.0,2024-12-28 14:02:50.449
milky_mushroom,29.7,70.1,18.0,54.0,2024-12-28 14:02:55.655
milky_mushroom,29.7,69.9,18.0,55.0,2024-12-28 14:03:00.890
milky_mushroom,29.7,69.9,18.0,55.0,2024-12-28 14:03:06.118
milky_mushroom,29.7,70.1,18.0,54.0,2024-12-28 14:03:11.317
milky_mushroom,29.7,70.1,18.0,55.0,2024-12-28 14:03:16.694
milky_mushroom,29.7,70.1,17.0,55.0,2024-12-28 14:03:22.145
milky_mushroom,29.7,70.0,18.0,55.0,2024-12-28 14:03:27.326
milky_mushroom,29.7,70.0,18.0,56.0,2024-12-28 14:03:32.890
milky_mushroom,29.7,70.1,18.0,55.0,2024-12-28 14:03:38.156
milky_mushroom,29.7,70.2,19.0,55.0,2024-12-28 14:03:43.600
milky_mushroom,29.7,69.9,18.0,56.0,2024-12-28 14:03:48.820
milky_mushroom,29.7,69.8,19.0,56.0,2024-12-28 14:03:54.040
milky_mushroom,29.7,69.8,17.0,55.0,2024-12-28 14:03:59.260
milky_mushroom,29.7,69.8,18.0,54.0,2024-12-28 14:04:04.467
milky_mushroom,29.7,69.8,17.0,54.0,2024-12-28 14:04:09.703
milky_mushroom,29.7,69.8,19.0,55.0,2024-12-28 14:04:14.931
milky_mushroom,29.7,69.8,18.0,54.0,2024-12-28 14:04:20.250
milky_mushroom,29.7,70.0,18.0,56.0,2024-12-28 14:04:25.470
milky_mushroom,29.7,70.2,18.0,55.0,2024-12-28 14:04:30.815
milky_mushroom,29.7,69.9,19.0,55.0,2024-12-28 14:04:36.221
milky_mushroom,29.7,69.7,18.0,54.0,2024-12-28 14:04:41.630
milky_mushroom,29.7,69.8,18.0,54.0,2024-12-28 14:04:46.935
milky_mushroom,29.7,69.7,18.0,55.0,2024-12-28 14:04:52.310
milky_mushroom,29.7,69.7,17.0,54.0,2024-12-28 14:04:57.538
milky_mushroom,29.7,69.7,17.0,54.0,2024-12-28 14:05:02.750
milky_mushroom,29.7,69.7,18.0,55.0,2024-12-28 14:05:07.970
milky_mushroom,29.7,69.6,18.0,55.0,2024-12-28 14:05:13.298
milky_mushroom,29.7,69.5,18.0,54.0,2024-12-28 14:05:18.657
milky_mushroom,29.7,69.5,18.0,54.0,2024-12-28 14:05:23.878
milky_mushroom,29.7,69.5,18.0,54.0,2024-12-28 14:05:29.121
milky_mushroom,29.7,69.4,19.0,57.0,2024-12-28 14:05:34.423
milky_mushroom,29.7,69.4,18.0,56.0,2024-12-28 14:05:39.606
milky_mushroom,29.7,69.3,18.0,55.0,2024-12-28 14:05:44.941
milky_mushroom,29.7,69.5,19.0,54.0,2024-12-28 14:05:50.470
milky_mushroom,29.7,69.4,17.0,54.0,2024-12-28 14:05:55.704
milky_mushroom,29.7,69.6,18.0,55.0,2024-12-28 14:06:00.912
milky_mushroom,29.7,69.5,17.0,53.0,2024-12-28 14:06:06.242
milky_mushroom,29.7,69.7,19.0,56.0,2024-12-28 14:06:11.615
milky_mushroom,29.7,69.7,19.0,55.0,2024-12-28 14:06:16.891
milky_mushroom,29.7,69.8,18.0,53.0,2024-12-28 14:06:22.071
milky_mushroom,29.6,69.8,18.0,54.0,2024-12-28 14:06:27.341
milky_mushroom,29.7,70.0,17.0,56.0,2024-12-28 14:06:32.547
milky_mushroom,29.7,69.7,19.0,55.0,2024-12-28 14:06:37.781
milky_mushroom,29.6,69.9,18.0,54.0,2024-12-28 14:06:43.202
milky_mushroom,29.7,70.0,17.0,55.0,2024-12-28 14:06:48.425
milky_mushroom,29.7,70.0,19.0,56.0,2024-12-28 14:06:53.649
milky_mushroom,29.7,70.0,19.0,58.0,2024-12-28 14:06:58.971
milky_mushroom,29.7,70.1,19.0,55.0,2024-12-28 14:07:04.195
milky_mushroom,29.7,70.1,18.0,56.0,2024-12-28 14:07:09.522
milky_mushroom,29.7,70.0,18.0,55.0,2024-12-28 14:07:14.712
milky_mushroom,29.7,69.8,18.0,55.0,2024-12-28 14:07:19.956
milky_mushroom,29.7,69.8,17.0,54.0,2024-12-28 14:07:25.292
milky_mushroom,29.7,69.6,17.0,55.0,2024-12-28 14:07:30.622
milky_mushroom,29.7,69.7,18.0,54.0,2024-12-28 14:07:35.940
milky_mushroom,29.7,69.8,18.0,55.0,2024-12-28 14:07:41.168
milky_mushroom,29.7,69.9,17.0,53.0,2024-12-28 14:07:46.393
milky_mushroom,29.7,69.8,19.0,57.0,2024-12-28 14:07:51.712
milky_mushroom,29.7,69.9,17.0,53.0,2024-12-28 14:07:57.074
milky_mushroom,29.7,70.0,18.0,56.0,2024-12-28 14:08:02.463
milky_mushroom,29.7,70.0,18.0,56.0,2024-12-28 14:08:07.794
milky_mushroom,29.7,69.8,18.0,55.0,2024-12-28 14:08:13.013
milky_mushroom,29.7,69.7,17.0,54.0,2024-12-28 14:08:18.232
milky_mushroom,29.7,69.6,18.0,55.0,2024-12-28 14:08:23.424
milky_mushroom,29.7,69.6,18.0,55.0,2024-12-28 14:08:28.734
milky_mushroom,29.7,69.5,19.0,56.0,2024-12-28 14:08:34.014
milky_mushroom,29.8,69.5,18.0,56.0,2024-12-28 14:08:39.229
milky_mushroom,29.7,69.6,19.0,58.0,2024-12-28 14:08:44.605
milky_mushroom,29.8,69.5,18.0,57.0,2024-12-28 14:08:49.901
milky_mushroom,29.8,69.5,19.0,56.0,2024-12-28 14:08:55.105
milky_mushroom,29.8,69.6,18.0,55.0,2024-12-28 14:09:00.318
milky_mushroom,29.7,69.8,18.0,55.0,2024-12-28 14:09:05.554
milky_mushroom,29.8,69.8,17.0,54.0,2024-12-28 14:09:10.873
milky_mushroom,29.8,69.6,19.0,56.0,2024-12-28 14:09:16.082
milky_mushroom,29.8,69.7,19.0,55.0,2024-12-28 14:09:21.321
milky_mushroom,29.8,69.6,18.0,55.0,2024-12-28 14:09:26.536
milky_mushroom,29.8,69.8,19.0,55.0,2024-12-28 14:09:31.764
milky_mushroom,29.8,69.8,18.0,53.0,2024-12-28 14:09:37.015
milky_mushroom,29.8,69.7,19.0,55.0,2024-12-28 14:09:42.404
milky_mushroom,29.8,69.5,17.0,55.0,2024-12-28 14:09:47.604
milky_mushroom,29.8,69.5,18.0,55.0,2024-12-28 14:09:52.864
milky_mushroom,29.8,69.7,18.0,54.0,2024-12-28 14:09:58.070
milky_mushroom,29.8,69.8,17.0,52.0,2024-12-28 14:10:03.307
milky_mushroom,29.8,69.8,17.0,54.0,2024-12-28 14:10:08.634
milky_mushroom,29.8,69.7,17.0,55.0,2024-12-28 14:10:13.852
milky_mushroom,29.8,69.6,19.0,56.0,2024-12-28 14:10:19.072
milky_mushroom,29.8,69.4,18.0,54.0,2024-12-28 14:10:24.281
milky_mushroom,29.8,69.3,17.0,56.0,2024-12-28 14:10:29.506
milky_mushroom,29.8,69.2,18.0,56.0,2024-12-28 14:10:34.734
milky_mushroom,29.8,69.3,19.0,56.0,2024-12-28 14:10:40.057
milky_mushroom,29.8,69.4,17.0,54.0,2024-12-28 14:10:45.295
milky_mushroom,29.8,69.3,19.0,56.0,2024-12-28 14:10:50.511
milky_mushroom,29.8,69.4,18.0,55.0,2024-12-28 14:10:55.944
milky_mushroom,29.8,69.3,18.0,55.0,2024-12-28 14:11:01.166
milky_mushroom,29.8,69.2,18.0,57.0,2024-12-28 14:11:06.486
milky_mushroom,29.8,69.4,17.0,54.0,2024-12-28 14:11:11.807
milky_mushroom,29.8,69.5,19.0,57.0,2024-12-28 14:11:17.035
milky_mushroom,29.8,69.6,18.0,55.0,2024-12-28 14:11:22.348
milky_mushroom,29.8,69.8,17.0,52.0,2024-12-28 14:11:27.688
milky_mushroom,29.8,69.7,17.0,54.0,2024-12-28 14:11:32.894
milky_mushroom,29.8,69.6,17.0,55.0,2024-12-28 14:11:38.116
milky_mushroom,29.8,69.4,18.0,55.0,2024-12-28 14:11:43.348
milky_mushroom,29.8,69.7,18.0,56.0,2024-12-28 14:11:48.569
milky_mushroom,29.8,70.0,18.0,55.0,2024-12-28 14:11:53.907
milky_mushroom,29.8,69.5,18.0,57.0,2024-12-28 14:11:59.238
milky_mushroom,29.8,69.7,17.0,55.0,2024-12-28 14:12:04.755
milky_mushroom,29.8,69.7,18.0,55.0,2024-12-28 14:12:09.976
milky_mushroom,29.8,69.5,18.0,56.0,2024-12-28 14:12:15.194
milky_mushroom,29.8,69.4,18.0,54.0,2024-12-28 14:12:20.591
milky_mushroom,29.8,69.4,17.0,54.0,2024-12-28 14:12:25.850
milky_mushroom,29.8,69.6,17.0,54.0,2024-12-28 14:12:31.178
milky_mushroom,29.8,69.7,18.0,55.0,2024-12-28 14:12:36.397
milky_mushroom,29.8,69.6,18.0,55.0,2024-12-28 14:12:41.617
milky_mushroom,29.8,69.7,18.0,56.0,2024-12-28 14:12:46.847
milky_mushroom,29.8,69.5,18.0,56.0,2024-12-28 14:12:52.060
milky_mushroom,29.8,69.8,17.0,53.0,2024-12-28 14:12:57.289
milky_mushroom,29.8,69.9,18.0,57.0,2024-12-28 14:13:02.506
milky_mushroom,29.8,69.7,19.0,55.0,2024-12-28 14:13:07.740
milky_mushroom,29.8,70.0,17.0,55.0,2024-12-28 14:13:13.057
milky_mushroom,29.8,69.8,18.0,54.0,2024-12-28 14:13:18.283
milky_mushroom,29.8,69.5,18.0,57.0,2024-12-28 14:13:23.608
milky_mushroom,29.8,69.4,19.0,55.0,2024-12-28 14:13:29.038
milky_mushroom,29.8,69.4,18.0,54.0,2024-12-28 14:13:34.258
milky_mushroom,29.8,69.4,18.0,55.0,2024-12-28 14:13:39.529
milky_mushroom,29.8,69.4,17.0,54.0,2024-12-28 14:13:44.808
milky_mushroom,29.8,69.3,18.0,57.0,2024-12-28 14:13:50.029
milky_mushroom,29.8,69.4,18.0,54.0,2024-12-28 14:13:55.340
milky_mushroom,29.8,69.4,18.0,54.0,2024-12-28 14:14:00.678
milky_mushroom,29.8,69.4,17.0,54.0,2024-12-28 14:14:06.208
milky_mushroom,29.8,69.3,18.0,56.0,2024-12-28 14:14:11.420
milky_mushroom,29.8,69.3,18.0,56.0,2024-12-28 14:14:16.641
milky_mushroom,29.8,69.3,18.0,56.0,2024-12-28 14:14:21.878
milky_mushroom,29.8,69.3,18.0,56.0,2024-12-28 14:14:27.099
milky_mushroom,29.8,69.2,18.0,56.0,2024-12-28 14:14:32.321
milky_mushroom,29.8,69.3,18.0,55.0,2024-12-28 14:14:37.850
milky_mushroom,29.8,69.3,19.0,57.0,2024-12-28 14:14:43.167
milky_mushroom,29.8,69.4,18.0,54.0,2024-12-28 14:14:48.382
milky_mushroom,29.8,69.3,18.0,55.0,2024-12-28 14:14:53.605
milky_mushroom,29.8,69.2,17.0,56.0,2024-12-28 14:14:58.839
milky_mushroom,29.8,69.3,17.0,56.0,2024-12-28 14:15:04.063
milky_mushroom,29.7,69.5,18.0,55.0,2024-12-28 14:15:09.489
milky_mushroom,29.7,69.5,18.0,55.0,2024-12-28 14:15:14.871
milky_mushroom,29.7,69.7,19.0,55.0,2024-12-28 14:15:20.139
milky_mushroom,29.8,69.5,18.0,56.0,2024-12-28 14:15:25.370
milky_mushroom,29.8,69.5,19.0,56.0,2024-12-28 14:15:30.690
milky_mushroom,29.8,69.3,18.0,56.0,2024-12-28 14:15:35.920
milky_mushroom,29.8,69.4,18.0,55.0,2024-12-28 14:15:41.143
milky_mushroom,29.7,69.5,18.0,53.0,2024-12-28 14:15:46.461
milky_mushroom,29.7,69.6,18.0,56.0,2024-12-28 14:15:51.681
milky_mushroom,29.7,69.6,18.0,56.0,2024-12-28 14:15:56.999
milky_mushroom,29.7,70.0,19.0,57.0,2024-12-28 14:16:02.239
milky_mushroom,29.7,70.0,19.0,57.0,2024-12-28 14:16:07.450
milky_mushroom,29.7,69.6,19.0,56.0,2024-12-28 14:16:12.670
milky_mushroom,29.7,69.6,18.0,57.0,2024-12-28 14:16:18.154
milky_mushroom,29.7,69.6,19.0,57.0,2024-12-28 14:16:23.442
milky_mushroom,29.7,69.8,18.0,55.0,2024-12-28 14:16:28.758
milky_mushroom,29.7,69.8,18.0,56.0,2024-12-28 14:16:33.971
milky_mushroom,29.7,69.6,18.0,57.0,2024-12-28 14:16:39.296
milky_mushroom,29.8,69.6,18.0,55.0,2024-12-28 14:16:44.520
milky_mushroom,29.7,69.6,18.0,57.0,2024-12-28 14:16:49.849
milky_mushroom,29.7,69.7,17.0,53.0,2024-12-28 14:16:55.071
milky_mushroom,29.8,69.7,18.0,55.0,2024-12-28 14:17:00.390
milky_mushroom,29.8,69.7,18.0,55.0,2024-12-28 14:17:05.602
milky_mushroom,29.7,69.5,17.0,54.0,2024-12-28 14:17:10.944
milky_mushroom,29.8,69.6,18.0,55.0,2024-12-28 14:17:16.319
milky_mushroom,29.7,69.5,18.0,55.0,2024-12-28 14:17:21.536
milky_mushroom,29.8,69.5,19.0,57.0,2024-12-28 14:17:26.921
milky_mushroom,29.7,69.6,18.0,56.0,2024-12-28 14:17:32.132
milky_mushroom,29.8,69.6,19.0,56.0,2024-12-28 14:17:37.360
milky_mushroom,29.7,69.5,18.0,55.0,2024-12-28 14:17:42.692
milky_mushroom,29.8,69.5,18.0,57.0,2024-12-28 14:17:47.912
milky_mushroom,29.7,69.5,19.0,55.0,2024-12-28 14:17:53.176
milky_mushroom,29.7,69.5,17.0,55.0,2024-12-28 14:17:58.461
milky_mushroom,29.7,69.6,17.0,55.0,2024-12-28 14:18:03.681
milky_mushroom,29.8,69.4,18.0,56.0,2024-12-28 14:18:08.890
milky_mushroom,29.7,69.3,19.0,57.0,2024-12-28 14:18:14.122
milky_mushroom,29.7,69.4,18.0,56.0,2024-12-28 14:18:19.351
milky_mushroom,29.8,69.4,18.0,56.0,2024-12-28 14:18:24.570
milky_mushroom,29.8,69.5,18.0,55.0,2024-12-28 14:18:29.792
milky_mushroom,29.8,69.4,18.0,55.0,2024-12-28 14:18:35.012
milky_mushroom,29.8,69.3,18.0,57.0,2024-12-28 14:18:40.339
milky_mushroom,29.8,69.3,18.0,54.0,2024-12-28 14:18:45.662
milky_mushroom,29.8,69.4,17.0,53.0,2024-12-28 14:18:50.992
milky_mushroom,29.8,69.4,18.0,55.0,2024-12-28 14:18:56.201
milky_mushroom,29.7,69.5,17.0,54.0,2024-12-28 14:19:01.428
milky_mushroom,29.8,69.3,19.0,57.0,2024-12-28 14:19:06.835
milky_mushroom,29.8,69.5,18.0,56.0,2024-12-28 14:19:12.083
milky_mushroom,29.8,69.5,18.0,56.0,2024-12-28 14:19:17.313
milky_mushroom,29.8,69.5,18.0,56.0,2024-12-28 14:19:22.744
milky_mushroom,29.8,69.5,17.0,56.0,2024-12-28 14:19:28.063
milky_mushroom,29.8,69.6,17.0,55.0,2024-12-28 14:19:33.612
milky_mushroom,29.8,69.6,18.0,54.0,2024-12-28 14:19:38.924
milky_mushroom,29.8,69.5,19.0,56.0,2024-12-28 14:19:44.334
milky_mushroom,29.8,69.4,18.0,56.0,2024-12-28 14:19:49.654
milky_mushroom,29.8,69.4,17.0,54.0,2024-12-28 14:19:54.993
milky_mushroom,29.8,69.7,18.0,56.0,2024-12-28 14:20:00.214
milky_mushroom,29.8,69.6,17.0,54.0,2024-12-28 14:20:05.439
milky_mushroom,29.8,69.6,17.0,54.0,2024-12-28 14:20:10.763
milky_mushroom,29.8,69.5,19.0,57.0,2024-12-28 14:20:16.210
milky_mushroom,29.8,69.5,17.0,56.0,2024-12-28 14:20:21.635
milky_mushroom,29.8,69.5,18.0,56.0,2024-12-28 14:20:27.036
milky_mushroom,29.8,69.4,17.0,53.0,2024-12-28 14:20:32.264
milky_mushroom,29.8,69.4,19.0,56.0,2024-12-28 14:20:37.497
milky_mushroom,29.8,69.3,19.0,57.0,2024-12-28 14:20:42.713
milky_mushroom,29.8,69.3,18.0,56.0,2024-12-28 14:20:48.037
milky_mushroom,29.8,69.3,18.0,56.0,2024-12-28 14:20:53.363
milky_mushroom,29.8,69.3,19.0,56.0,2024-12-28 14:20:58.584
milky_mushroom,29.8,69.4,17.0,54.0,2024-12-28 14:21:03.804
milky_mushroom,29.8,69.5,18.0,55.0,2024-12-28 14:21:09.037
milky_mushroom,29.8,69.5,18.0,55.0,2024-12-28 14:21:14.355
milky_mushroom,29.8,69.5,18.0,56.0,2024-12-28 14:21:19.574
milky_mushroom,29.8,69.3,18.0,56.0,2024-12-28 14:21:24.796
milky_mushroom,29.8,69.4,17.0,55.0,2024-12-28 14:21:30.124
milky_mushroom,29.8,69.4,17.0,54.0,2024-12-28 14:21:35.555
milky_mushroom,29.8,69.4,17.0,54.0,2024-12-28 14:21:40.755
milky_mushroom,29.8,69.5,17.0,55.0,2024-12-28 14:21:45.945
milky_mushroom,29.8,69.4,18.0,55.0,2024-12-28 14:21:51.251
milky_mushroom,29.8,69.5,17.0,55.0,2024-12-28 14:21:56.647
milky_mushroom,29.8,69.6,18.0,54.0,2024-12-28 14:22:01.980
milky_mushroom,29.8,69.5,18.0,55.0,2024-12-28 14:22:07.188
milky_mushroom,29.8,69.5,18.0,55.0,2024-12-28 14:22:12.427
milky_mushroom,29.7,69.5,18.0,55.0,2024-12-28 14:22:17.846
milky_mushroom,29.7,69.5,17.0,53.0,2024-12-28 14:22:23.065
milky_mushroom,29.7,69.4,17.0,54.0,2024-12-28 14:22:28.294
milky_mushroom,29.8,69.5,18.0,56.0,2024-12-28 14:22:33.515
milky_mushroom,29.7,69.5,18.0,54.0,2024-12-28 14:22:38.841
milky_mushroom,29.7,69.5,17.0,54.0,2024-12-28 14:22:44.066
milky_mushroom,29.7,69.4,18.0,55.0,2024-12-28 14:22:49.356
milky_mushroom,29.7,69.4,17.0,55.0,2024-12-28 14:22:54.716
milky_mushroom,29.7,69.5,18.0,54.0,2024-12-28 14:22:59.935
milky_mushroom,29.8,69.3,18.0,55.0,2024-12-28 14:23:05.259
milky_mushroom,29.8,69.4,19.0,54.0,2024-12-28 14:23:10.588
milky_mushroom,29.7,69.3,17.0,54.0,2024-12-28 14:23:16.116
milky_mushroom,29.7,69.2,18.0,57.0,2024-12-28 14:23:21.322
milky_mushroom,29.7,69.4,18.0,56.0,2024-12-28 14:23:26.679
milky_mushroom,29.7,69.4,17.0,54.0,2024-12-28 14:23:31.997
milky_mushroom,29.7,69.4,18.0,55.0,2024-12-28 14:23:37.309
milky_mushroom,29.7,69.4,17.0,54.0,2024-12-28 14:23:42.634
milky_mushroom,29.7,69.6,17.0,54.0,2024-12-28 14:23:48.326
milky_mushroom,29.7,69.7,18.0,54.0,2024-12-28 14:23:54.110
milky_mushroom,29.7,69.5,17.0,53.0,2024-12-28 14:23:59.327
milky_mushroom,29.7,69.5,17.0,54.0,2024-12-28 14:24:04.547
milky_mushroom,29.7,69.4,18.0,55.0,2024-12-28 14:24:09.766
milky_mushroom,29.7,69.6,18.0,56.0,2024-12-28 14:24:15.003
milky_mushroom,29.7,69.4,17.0,55.0,2024-12-28 14:24:20.222
milky_mushroom,29.7,69.4,18.0,54.0,2024-12-28 14:24:25.547
milky_mushroom,29.7,69.7,17.0,53.0,2024-12-28 14:24:30.768
milky_mushroom,29.7,69.5,18.0,53.0,2024-12-28 14:24:36.252
milky_mushroom,29.6,69.5,17.0,56.0,2024-12-28 14:24:41.527
milky_mushroom,29.6,69.6,18.0,54.0,2024-12-28 14:24:46.847
milky_mushroom,29.7,69.5,18.0,54.0,2024-12-28 14:24:52.069
milky_mushroom,29.7,69.7,17.0,53.0,2024-12-28 14:24:57.282
milky_mushroom,29.7,69.8,18.0,54.0,2024-12-28 14:25:02.488
milky_mushroom,29.7,69.9,17.0,51.0,2024-12-28 14:25:07.831
milky_mushroom,29.7,69.9,17.0,52.0,2024-12-28 14:25:13.172
milky_mushroom,29.6,69.8,18.0,53.0,2024-12-28 14:25:18.476
milky_mushroom,29.7,69.9,17.0,51.0,2024-12-28 14:25:23.704
milky_mushroom,29.6,69.9,17.0,54.0,2024-12-28 14:25:29.037
milky_mushroom,29.6,69.7,19.0,57.0,2024-12-28 14:25:34.582
milky_mushroom,29.6,69.6,18.0,55.0,2024-12-28 14:25:39.792
milky_mushroom,29.6,69.8,18.0,53.0,2024-12-28 14:25:45.019
milky_mushroom,29.6,69.7,19.0,56.0,2024-12-28 14:25:50.233
milky_mushroom,29.6,69.7,17.0,56.0,2024-12-28 14:25:55.559
milky_mushroom,29.6,69.8,17.0,53.0,2024-12-28 14:26:00.875
milky_mushroom,29.6,69.8,16.0,54.0,2024-12-28 14:26:06.238
milky_mushroom,29.6,69.8,17.0,54.0,2024-12-28 14:26:11.523
milky_mushroom,29.6,69.7,18.0,56.0,2024-12-28 14:26:16.842
milky_mushroom,29.6,69.9,18.0,53.0,2024-12-28 14:26:22.079
milky_mushroom,29.6,69.6,17.0,54.0,2024-12-28 14:26:27.411
milky_mushroom,29.6,69.5,18.0,55.0,2024-12-28 14:26:32.626
milky_mushroom,29.6,69.6,18.0,54.0,2024-12-28 14:26:37.839
milky_mushroom,29.6,69.7,18.0,56.0,2024-12-28 14:26:43.180
milky_mushroom,29.6,69.6,18.0,53.0,2024-12-28 14:26:48.493
milky_mushroom,29.6,69.7,18.0,56.0,2024-12-28 14:26:53.819
milky_mushroom,29.6,69.8,17.0,54.0,2024-12-28 14:26:59.141
milky_mushroom,29.6,69.8,18.0,54.0,2024-12-28 14:27:04.390
milky_mushroom,29.6,69.8,18.0,55.0,2024-12-28 14:27:09.904
milky_mushroom,29.6,69.7,18.0,56.0,2024-12-28 14:27:15.130
milky_mushroom,29.6,69.7,18.0,55.0,2024-12-28 14:27:20.444
milky_mushroom,29.6,69.7,18.0,56.0,2024-12-28 14:27:25.771
milky_mushroom,29.6,69.9,18.0,55.0,2024-12-28 14:27:30.995
milky_mushroom,29.6,69.8,18.0,54.0,2024-12-28 14:27:36.437
milky_mushroom,29.6,69.7,18.0,56.0,2024-12-28 14:27:41.762
milky_mushroom,29.6,69.7,18.0,55.0,2024-12-28 14:27:46.951
milky_mushroom,29.6,69.7,18.0,56.0,2024-12-28 14:27:52.202
milky_mushroom,29.6,69.8,17.0,54.0,2024-12-28 14:27:57.409
milky_mushroom,29.6,69.8,17.0,54.0,2024-12-28 14:28:02.651
milky_mushroom,29.6,69.5,18.0,55.0,2024-12-28 14:28:07.975
milky_mushroom,29.6,69.6,17.0,53.0,2024-12-28 14:28:13.379
milky_mushroom,29.6,69.5,17.0,54.0,2024-12-28 14:28:18.717
milky_mushroom,29.6,69.4,18.0,55.0,2024-12-28 14:28:23.938
milky_mushroom,29.6,69.5,18.0,54.0,2024-12-28 14:28:29.469
milky_mushroom,29.6,69.3,18.0,57.0,2024-12-28 14:28:34.803
milky_mushroom,29.6,69.3,17.0,56.0,2024-12-28 14:28:40.117
milky_mushroom,29.6,69.3,18.0,57.0,2024-12-28 14:28:45.452
milky_mushroom,29.6,69.3,18.0,57.0,2024-12-28 14:28:50.772
milky_mushroom,29.6,69.3,18.0,56.0,2024-12-28 14:28:55.992
milky_mushroom,29.6,69.2,17.0,52.0,2024-12-28 14:29:01.322
milky_mushroom,29.6,69.3,18.0,56.0,2024-12-28 14:29:06.644
milky_mushroom,29.6,69.2,17.0,50.0,2024-12-28 14:29:12.068
milky_mushroom,29.6,69.3,18.0,57.0,2024-12-28 14:29:17.401
milky_mushroom,29.6,69.4,18.0,55.0,2024-12-28 14:29:22.722
milky_mushroom,29.6,69.3,18.0,57.0,2024-12-28 14:29:28.037
milky_mushroom,29.5,69.3,17.0,51.0,2024-12-28 14:29:33.252
milky_mushroom,29.6,69.2,17.0,52.0,2024-12-28 14:29:38.584
milky_mushroom,29.6,69.3,18.0,56.0,2024-12-28 14:29:43.814
milky_mushroom,29.5,69.3,18.0,51.0,2024-12-28 14:29:49.284
milky_mushroom,29.6,69.5,19.0,55.0,2024-12-28 14:29:54.576
milky_mushroom,29.5,69.4,18.0,55.0,2024-12-28 14:29:59.793
milky_mushroom,29.6,69.3,17.0,55.0,2024-12-28 14:30:05.004
milky_mushroom,29.6,69.5,19.0,55.0,2024-12-28 14:30:10.331
milky_mushroom,29.5,69.4,17.0,55.0,2024-12-28 14:30:15.551
milky_mushroom,29.5,69.5,17.0,53.0,2024-12-28 14:30:20.783
milky_mushroom,29.6,69.4,18.0,55.0,2024-12-28 14:30:25.996
milky_mushroom,29.6,69.4,18.0,55.0,2024-12-28 14:30:31.220
milky_mushroom,29.6,69.5,18.0,55.0,2024-12-28 14:30:36.454
milky_mushroom,29.6,69.6,18.0,54.0,2024-12-28 14:30:41.769
milky_mushroom,29.5,69.7,17.0,51.0,2024-12-28 14:30:47.114
milky_mushroom,29.5,69.9,18.0,53.0,2024-12-28 14:30:52.344
milky_mushroom,29.6,69.7,17.0,54.0,2024-12-28 14:30:57.634
milky_mushroom,29.5,69.6,16.0,54.0,2024-12-28 14:31:02.867
milky_mushroom,29.6,69.5,17.0,55.0,2024-12-28 14:31:08.094
milky_mushroom,29.6,69.8,18.0,54.0,2024-12-28 14:31:13.314
milky_mushroom,29.6,69.8,17.0,53.0,2024-12-28 14:31:18.549
milky_mushroom,29.6,69.7,18.0,55.0,2024-12-28 14:31:23.766
milky_mushroom,29.6,69.7,18.0,53.0,2024-12-28 14:31:28.994
milky_mushroom,29.6,69.5,17.0,54.0,2024-12-28 14:31:34.317
milky_mushroom,29.6,69.5,18.0,53.0,2024-12-28 14:31:39.626
milky_mushroom,29.6,69.5,18.0,54.0,2024-12-28 14:31:44.965
milky_mushroom,29.6,69.4,17.0,53.0,2024-12-28 14:31:50.184
milky_mushroom,29.6,69.5,17.0,53.0,2024-12-28 14:31:55.405
milky_mushroom,29.6,69.5,17.0,54.0,2024-12-28 14:32:00.736
milky_mushroom,29.6,69.5,18.0,54.0,2024-12-28 14:32:05.926
milky_mushroom,29.6,69.4,17.0,53.0,2024-12-28 14:32:11.178
milky_mushroom,29.6,69.5,17.0,55.0,2024-12-28 14:32:16.397
milky_mushroom,29.6,69.5,17.0,53.0,2024-12-28 14:32:21.593
milky_mushroom,29.6,69.6,17.0,52.0,2024-12-28 14:32:26.836
milky_mushroom,29.6,69.5,18.0,54.0,2024-12-28 14:32:32.171
milky_mushroom,29.6,69.6,17.0,53.0,2024-12-28 14:32:37.497
milky_mushroom,29.6,69.5,18.0,54.0,2024-12-28 14:32:42.821
milky_mushroom,29.6,69.5,19.0,53.0,2024-12-28 14:32:48.179
milky_mushroom,29.6,69.4,17.0,54.0,2024-12-28 14:32:53.953
milky_mushroom,29.6,69.4,19.0,56.0,2024-12-28 14:32:59.417
milky_mushroom,29.6,69.4,18.0,55.0,2024-12-28 14:33:04.611
milky_mushroom,29.6,69.4,18.0,54.0,2024-12-28 14:33:09.841
milky_mushroom,29.6,69.3,18.0,56.0,2024-12-28 14:33:15.123
milky_mushroom,29.6,69.4,17.0,54.0,2024-12-28 14:33:20.496
milky_mushroom,29.6,69.4,17.0,55.0,2024-12-28 14:33:25.824
milky_mushroom,29.6,69.3,19.0,57.0,2024-12-28 14:33:31.062
milky_mushroom,29.6,69.3,19.0,56.0,2024-12-28 14:33:36.469
milky_mushroom,29.6,69.4,16.0,53.0,2024-12-28 14:33:41.792
milky_mushroom,29.6,69.3,18.0,56.0,2024-12-28 14:33:47.040
milky_mushroom,29.6,69.6,18.0,55.0,2024-12-28 14:33:52.357
milky_mushroom,29.6,69.4,18.0,55.0,2024-12-28 14:33:57.879
milky_mushroom,29.6,69.5,18.0,55.0,2024-12-28 14:34:03.208
milky_mushroom,29.6,69.6,18.0,54.0,2024-12-28 14:34:08.430
milky_mushroom,29.6,69.5,18.0,56.0,2024-12-28 14:34:13.661
milky_mushroom,29.6,69.6,18.0,54.0,2024-12-28 14:34:18.877
milky_mushroom,29.6,69.7,18.0,55.0,2024-12-28 14:34:24.097
milky_mushroom,29.6,69.7,19.0,56.0,2024-12-28 14:34:29.327
milky_mushroom,29.6,69.6,17.0,54.0,2024-12-28 14:34:34.744
milky_mushroom,29.6,69.6,18.0,55.0,2024-12-28 14:34:40.070
milky_mushroom,29.6,69.5,18.0,56.0,2024-12-28 14:34:45.488
milky_mushroom,29.6,69.6,17.0,52.0,2024-12-28 14:34:50.831
milky_mushroom,29.6,69.7,18.0,54.0,2024-12-28 14:34:56.148
milky_mushroom,29.6,69.7,18.0,56.0,2024-12-28 14:35:01.480
milky_mushroom,29.6,69.6,18.0,54.0,2024-12-28 14:35:06.729
milky_mushroom,29.6,69.5,19.0,56.0,2024-12-28 14:35:11.918
milky_mushroom,29.6,69.5,18.0,56.0,2024-12-28 14:35:17.139
milky_mushroom,29.6,69.5,18.0,56.0,2024-12-28 14:35:22.367
milky_mushroom,29.6,69.4,18.0,55.0,2024-12-28 14:35:27.786
milky_mushroom,29.6,69.3,18.0,56.0,2024-12-28 14:35:33.105
milky_mushroom,29.6,69.5,18.0,54.0,2024-12-28 14:35:38.338
milky_mushroom,29.6,69.5,17.0,54.0,2024-12-28 14:35:43.654
milky_mushroom,29.6,69.5,18.0,54.0,2024-12-28 14:35:48.888
milky_mushroom,29.6,69.4,18.0,57.0,2024-12-28 14:35:54.118
milky_mushroom,29.6,69.3,17.0,56.0,2024-12-28 14:35:59.319
milky_mushroom,29.6,69.5,18.0,55.0,2024-12-28 14:36:04.558
milky_mushroom,29.6,69.4,18.0,55.0,2024-12-28 14:36:09.882
milky_mushroom,29.6,69.4,18.0,54.0,2024-12-28 14:36:15.203
milky_mushroom,29.6,69.4,19.0,56.0,2024-12-28 14:36:20.528
milky_mushroom,29.6,69.3,18.0,55.0,2024-12-28 14:36:25.869
milky_mushroom,29.6,69.2,18.0,51.0,2024-12-28 14:36:31.082
milky_mushroom,29.6,69.2,17.0,51.0,2024-12-28 14:36:36.295
milky_mushroom,29.6,69.4,18.0,55.0,2024-12-28 14:36:41.630
milky_mushroom,29.6,69.4,18.0,55.0,2024-12-28 14:36:47.049
milky_mushroom,29.6,69.6,17.0,54.0,2024-12-28 14:36:52.413
milky_mushroom,29.6,69.5,18.0,55.0,2024-12-28 14:36:57.709
milky_mushroom,29.6,69.4,18.0,55.0,2024-12-28 14:37:03.243
milky_mushroom,29.6,69.6,17.0,53.0,2024-12-28 14:37:08.978
milky_mushroom,29.6,69.5,19.0,55.0,2024-12-28 14:37:14.189
milky_mushroom,29.6,69.5,18.0,54.0,2024-12-28 14:37:19.492
milky_mushroom,29.6,69.4,17.0,55.0,2024-12-28 14:37:24.839
milky_mushroom,29.6,69.6,17.0,54.0,2024-12-28 14:37:30.371
milky_mushroom,29.6,69.6,18.0,54.0,2024-12-28 14:37:35.584
milky_mushroom,29.6,69.5,18.0,56.0,2024-12-28 14:37:40.924
milky_mushroom,29.6,69.9,18.0,55.0,2024-12-28 14:37:46.121
milky_mushroom,29.6,70.0,18.0,53.0,2024-12-28 14:37:51.469
milky_mushroom,29.6,69.8,17.0,54.0,2024-12-28 14:37:56.691
milky_mushroom,29.6,69.9,17.0,53.0,2024-12-28 14:38:02.142
milky_mushroom,29.6,69.6,17.0,53.0,2024-12-28 14:38:07.552
milky_mushroom,29.6,69.5,17.0,55.0,2024-12-28 14:38:12.770
milky_mushroom,29.6,69.6,18.0,55.0,2024-12-28 14:38:18.078
milky_mushroom,29.6,69.5,18.0,56.0,2024-12-28 14:38:23.522
milky_mushroom,29.6,69.5,19.0,56.0,2024-12-28 14:38:28.840
milky_mushroom,29.6,69.7,19.0,56.0,2024-12-28 14:38:34.173
milky_mushroom,29.6,69.5,17.0,55.0,2024-12-28 14:38:39.491
milky_mushroom,29.6,69.7,18.0,56.0,2024-12-28 14:38:44.822
milky_mushroom,29.6,69.7,17.0,55.0,2024-12-28 14:38:50.044
milky_mushroom,29.6,69.7,17.0,55.0,2024-12-28 14:38:55.493
milky_mushroom,29.6,69.6,18.0,54.0,2024-12-28 14:39:00.691
milky_mushroom,29.6,69.6,17.0,53.0,2024-12-28 14:39:06.013
milky_mushroom,29.6,69.4,18.0,56.0,2024-12-28 14:39:11.353
milky_mushroom,29.6,69.4,18.0,56.0,2024-12-28 14:39:16.673
milky_mushroom,29.6,69.6,17.0,54.0,2024-12-28 14:39:21.892
milky_mushroom,29.6,69.5,18.0,56.0,2024-12-28 14:39:27.113
milky_mushroom,29.6,69.5,18.0,56.0,2024-12-28 14:39:32.337
milky_mushroom,29.6,69.5,18.0,56.0,2024-12-28 14:39:37.662
milky_mushroom,29.6,69.7,18.0,56.0,2024-12-28 14:39:42.993
milky_mushroom,29.6,69.5,18.0,56.0,2024-12-28 14:39:48.183
milky_mushroom,29.6,69.6,18.0,55.0,2024-12-28 14:39:53.433
milky_mushroom,29.6,69.6,18.0,54.0,2024-12-28 14:39:58.778
milky_mushroom,29.6,69.7,18.0,55.0,2024-12-28 14:40:04.075
milky_mushroom,29.6,69.6,16.0,53.0,2024-12-28 14:40:09.402
milky_mushroom,29.6,69.6,18.0,55.0,2024-12-28 14:40:14.596
milky_mushroom,29.6,69.4,16.0,56.0,2024-12-28 14:40:19.864
milky_mushroom,29.6,69.3,20.0,58.0,2024-12-28 14:40:25.073
milky_mushroom,29.6,69.3,18.0,56.0,2024-12-28 14:40:30.393
milky_mushroom,29.6,69.2,17.0,53.0,2024-12-28 14:40:35.725
milky_mushroom,29.6,69.1,17.0,53.0,2024-12-28 14:40:40.949
milky_mushroom,29.6,69.3,18.0,57.0,2024-12-28 14:40:46.279
milky_mushroom,29.6,69.2,18.0,53.0,2024-12-28 14:40:51.494
milky_mushroom,29.6,69.0,17.0,54.0,2024-12-28 14:40:56.815
milky_mushroom,29.6,69.1,18.0,54.0,2024-12-28 14:41:02.244
milky_mushroom,29.6,69.1,18.0,54.0,2024-12-28 14:41:07.575
milky_mushroom,29.6,69.3,18.0,56.0,2024-12-28 14:41:12.898
milky_mushroom,29.6,69.2,18.0,52.0,2024-12-28 14:41:18.105
milky_mushroom,29.6,69.4,19.0,56.0,2024-12-28 14:41:23.343
milky_mushroom,29.6,69.4,18.0,56.0,2024-12-28 14:41:28.565
milky_mushroom,29.6,69.4,18.0,57.0,2024-12-28 14:41:33.879
milky_mushroom,29.6,69.5,18.0,56.0,2024-12-28 14:41:39.211
milky_mushroom,29.6,69.6,18.0,55.0,2024-12-28 14:41:44.536
milky_mushroom,29.6,69.5,18.0,56.0,2024-12-28 14:41:49.741
milky_mushroom,29.6,69.6,18.0,55.0,2024-12-28 14:41:54.980
milky_mushroom,29.6,69.6,17.0,54.0,2024-12-28 14:42:00.305
milky_mushroom,29.6,69.6,18.0,56.0,2024-12-28 14:42:05.503
milky_mushroom,29.6,69.7,19.0,56.0,2024-12-28 14:42:10.766
milky_mushroom,29.6,69.6,18.0,55.0,2024-12-28 14:42:15.976
milky_mushroom,29.6,69.6,17.0,54.0,2024-12-28 14:42:21.494
milky_mushroom,29.6,69.5,19.0,56.0,2024-12-28 14:42:26.695
milky_mushroom,29.6,69.6,18.0,55.0,2024-12-28 14:42:31.925
milky_mushroom,29.6,69.6,18.0,55.0,2024-12-28 14:42:37.290
milky_mushroom,29.6,69.5,19.0,57.0,2024-12-28 14:42:42.496
milky_mushroom,29.6,69.7,18.0,55.0,2024-12-28 14:42:47.822
milky_mushroom,29.6,69.8,18.0,55.0,2024-12-28 14:42:53.246
milky_mushroom,29.6,69.8,18.0,55.0,2024-12-28 14:42:58.498
milky_mushroom,29.6,69.9,17.0,54.0,2024-12-28 14:43:03.794
milky_mushroom,29.6,69.8,18.0,55.0,2024-12-28 14:43:09.200
milky_mushroom,29.6,69.6,17.0,55.0,2024-12-28 14:43:14.559
milky_mushroom,29.6,69.6,18.0,55.0,2024-12-28 14:43:19.772
milky_mushroom,29.6,69.7,18.0,56.0,2024-12-28 14:43:24.990
milky_mushroom,29.6,69.8,18.0,54.0,2024-12-28 14:43:30.223
milky_mushroom,29.6,69.5,18.0,56.0,2024-12-28 14:43:35.421
milky_mushroom,29.6,69.6,18.0,54.0,2024-12-28 14:43:40.677
milky_mushroom,29.6,69.6,18.0,54.0,2024-12-28 14:43:45.986
milky_mushroom,29.6,69.4,18.0,57.0,2024-12-28 14:43:51.201
milky_mushroom,29.6,69.6,18.0,53.0,2024-12-28 14:43:56.433
milky_mushroom,29.6,69.5,19.0,56.0,2024-12-28 14:44:01.660
milky_mushroom,29.6,69.4,18.0,56.0,2024-12-28 14:44:06.886
milky_mushroom,29.6,69.5,17.0,54.0,2024-12-28 14:44:12.108
milky_mushroom,29.6,69.4,19.0,56.0,2024-12-28 14:44:17.327
milky_mushroom,29.6,69.4,18.0,55.0,2024-12-28 14:44:22.855
milky_mushroom,29.5,69.4,18.0,56.0,2024-12-28 14:44:28.093
milky_mushroom,29.6,69.5,18.0,56.0,2024-12-28 14:44:33.398
milky_mushroom,29.6,69.5,19.0,55.0,2024-12-28 14:44:38.621
milky_mushroom,29.6,69.5,18.0,57.0,2024-12-28 14:44:43.847
milky_mushroom,29.6,69.9,18.0,56.0,2024-12-28 14:44:49.078
milky_mushroom,29.6,70.0,18.0,55.0,2024-12-28 14:44:54.298
milky_mushroom,29.6,70.2,18.0,56.0,2024-12-28 14:44:59.621
milky_mushroom,29.6,70.3,18.0,55.0,2024-12-28 14:45:04.921
milky_mushroom,29.6,70.1,18.0,57.0,2024-12-28 14:45:10.168
milky_mushroom,29.6,70.0,17.0,53.0,2024-12-28 14:45:15.495
milky_mushroom,29.6,70.1,18.0,56.0,2024-12-28 14:45:20.818
milky_mushroom,29.6,69.9,17.0,54.0,2024-12-28 14:45:26.039
milky_mushroom,29.6,70.0,18.0,54.0,2024-12-28 14:45:31.237
milky_mushroom,29.6,69.9,18.0,55.0,2024-12-28 14:45:36.475
milky_mushroom,29.6,70.0,18.0,53.0,2024-12-28 14:45:41.704
milky_mushroom,29.6,70.1,19.0,57.0,2024-12-28 14:45:47.042
milky_mushroom,29.6,70.0,18.0,54.0,2024-12-28 14:45:52.358
milky_mushroom,29.6,70.0,18.0,54.0,2024-12-28 14:45:57.687
milky_mushroom,29.6,69.9,18.0,54.0,2024-12-28 14:46:02.915
milky_mushroom,29.7,69.7,18.0,55.0,2024-12-28 14:46:08.336
milky_mushroom,29.6,69.9,18.0,56.0,2024-12-28 14:46:13.760
milky_mushroom,29.7,69.9,18.0,54.0,2024-12-28 14:46:19.090
milky_mushroom,29.7,69.9,17.0,53.0,2024-12-28 14:46:24.414
milky_mushroom,29.7,69.9,17.0,53.0,2024-12-28 14:46:29.852
milky_mushroom,29.7,69.8,19.0,56.0,2024-12-28 14:46:35.259
milky_mushroom,29.7,69.7,18.0,55.0,2024-12-28 14:46:40.490
milky_mushroom,29.7,69.7,18.0,56.0,2024-12-28 14:46:45.711
milky_mushroom,29.7,69.6,19.0,57.0,2024-12-28 14:46:51.031
milky_mushroom,29.7,69.4,18.0,56.0,2024-12-28 14:46:56.263
milky_mushroom,29.7,69.3,18.0,56.0,2024-12-28 14:47:01.680
milky_mushroom,29.7,69.4,18.0,56.0,2024-12-28 14:47:06.904
milky_mushroom,29.7,69.4,18.0,56.0,2024-12-28 14:47:12.229
milky_mushroom,29.7,69.5,18.0,54.0,2024-12-28 14:47:17.441
milky_mushroom,29.7,69.3,18.0,55.0,2024-12-28 14:47:22.660
milky_mushroom,29.7,69.4,18.0,55.0,2024-12-28 14:47:27.900
milky_mushroom,29.7,69.3,18.0,56.0,2024-12-28 14:47:33.090
milky_mushroom,29.7,69.3,18.0,55.0,2024-12-28 14:47:38.442
milky_mushroom,29.7,69.5,18.0,55.0,2024-12-28 14:47:43.772
milky_mushroom,29.7,69.5,17.0,54.0,2024-12-28 14:47:48.981
milky_mushroom,29.7,69.8,18.0,54.0,2024-12-28 14:47:54.202
milky_mushroom,29.7,69.8,18.0,56.0,2024-12-28 14:47:59.540
milky_mushroom,29.8,69.8,17.0,53.0,2024-12-28 14:48:04.762
milky_mushroom,29.8,69.3,18.0,56.0,2024-12-28 14:48:20.030
milky_mushroom,29.8,69.3,18.0,55.0,2024-12-28 14:48:25.341
milky_mushroom,29.8,69.4,17.0,53.0,2024-12-28 14:48:30.672
milky_mushroom,29.8,69.3,18.0,56.0,2024-12-28 14:48:36.004
milky_mushroom,29.8,69.3,18.0,56.0,2024-12-28 14:48:41.333
milky_mushroom,29.8,69.3,17.0,55.0,2024-12-28 14:48:46.531
milky_mushroom,29.8,69.3,18.0,56.0,2024-12-28 14:48:51.757
milky_mushroom,29.8,69.3,18.0,56.0,2024-12-28 14:48:56.994
milky_mushroom,29.8,69.1,18.0,56.0,2024-12-28 14:49:02.300
milky_mushroom,29.9,69.0,19.0,57.0,2024-12-28 14:49:17.907
milky_mushroom,29.8,69.0,18.0,53.0,2024-12-28 14:49:23.215
milky_mushroom,29.8,69.1,18.0,57.0,2024-12-28 14:49:28.633
milky_mushroom,29.8,69.2,18.0,55.0,2024-12-28 14:49:33.962
milky_mushroom,29.8,69.2,18.0,54.0,2024-12-28 14:49:39.292
milky_mushroom,29.9,69.1,18.0,56.0,2024-12-28 14:49:44.613
milky_mushroom,29.9,69.1,18.0,56.0,2024-12-28 14:49:49.937
milky_mushroom,29.9,69.1,17.0,54.0,2024-12-28 14:49:55.163
milky_mushroom,29.9,69.1,17.0,55.0,2024-12-28 14:50:00.387
milky_mushroom,29.9,69.0,18.0,55.0,2024-12-28 14:50:05.603
milky_mushroom,29.9,69.1,18.0,55.0,2024-12-28 14:50:10.923
milky_mushroom,29.9,69.0,18.0,56.0,2024-12-28 14:50:16.154
milky_mushroom,29.8,68.9,18.0,54.0,2024-12-28 14:50:21.475
milky_mushroom,29.8,69.0,18.0,53.0,2024-12-28 14:50:26.709
milky_mushroom,29.9,68.9,18.0,53.0,2024-12-28 14:50:32.018
milky_mushroom,29.9,69.0,18.0,56.0,2024-12-28 14:50:37.344
milky_mushroom,29.9,68.9,17.0,52.0,2024-12-28 14:50:42.584
milky_mushroom,29.9,68.7,17.0,53.0,2024-12-28 14:50:47.916
milky_mushroom,29.8,68.9,17.0,53.0,2024-12-28 14:50:53.416
milky_mushroom,29.8,68.8,18.0,55.0,2024-12-28 14:50:58.768
milky_mushroom,29.8,68.9,17.0,52.0,2024-12-28 14:51:03.974
milky_mushroom,29.9,69.0,18.0,57.0,2024-12-28 14:51:09.938
milky_mushroom,29.8,69.0,17.0,51.0,2024-12-28 14:51:15.362
milky_mushroom,29.8,69.0,17.0,53.0,2024-12-28 14:51:20.681
milky_mushroom,29.8,69.0,18.0,52.0,2024-12-28 14:51:25.882
milky_mushroom,29.8,69.0,17.0,52.0,2024-12-28 14:51:31.104
milky_mushroom,29.8,69.0,18.0,53.0,2024-12-28 14:51:36.436
milky_mushroom,29.8,69.3,17.0,54.0,2024-12-28 14:51:41.667
milky_mushroom,29.8,69.2,17.0,55.0,2024-12-28 14:51:46.907
milky_mushroom,29.8,69.1,18.0,57.0,2024-12-28 14:51:52.411
milky_mushroom,29.8,69.0,18.0,52.0,2024-12-28 14:51:57.635
milky_mushroom,29.9,69.0,19.0,58.0,2024-12-28 14:52:03.009
milky_mushroom,29.8,69.1,18.0,57.0,2024-12-28 14:52:08.384
milky_mushroom,29.8,68.9,18.0,54.0,2024-12-28 14:52:13.737
milky_mushroom,29.8,68.9,18.0,54.0,2024-12-28 14:52:19.036
milky_mushroom,29.8,68.8,17.0,52.0,2024-12-28 14:52:24.355
milky_mushroom,29.8,68.9,17.0,53.0,2024-12-28 14:52:29.784
milky_mushroom,29.8,69.1,18.0,57.0,2024-12-28 14:52:35.120
milky_mushroom,29.8,69.1,18.0,56.0,2024-12-28 14:52:40.335
milky_mushroom,29.8,69.1,18.0,57.0,2024-12-28 14:52:45.558
milky_mushroom,29.9,69.2,18.0,54.0,2024-12-28 14:52:50.878
milky_mushroom,29.9,69.1,18.0,55.0,2024-12-28 14:52:56.206
milky_mushroom,29.9,69.0,18.0,56.0,2024-12-28 14:53:01.406
milky_mushroom,29.8,69.0,18.0,52.0,2024-12-28 14:53:06.652
milky_mushroom,29.9,69.0,18.0,57.0,2024-12-28 14:53:11.875
milky_mushroom,29.9,68.9,17.0,50.0,2024-12-28 14:53:17.208
milky_mushroom,29.9,69.1,18.0,55.0,2024-12-28 14:53:22.427
milky_mushroom,29.8,69.0,17.0,52.0,2024-12-28 14:53:27.746
milky_mushroom,29.9,69.0,18.0,56.0,2024-12-28 14:53:33.089
milky_mushroom,29.9,69.2,19.0,55.0,2024-12-28 14:53:38.396
milky_mushroom,29.9,69.0,18.0,55.0,2024-12-28 14:53:43.724
milky_mushroom,29.9,69.0,18.0,56.0,2024-12-28 14:53:49.057
milky_mushroom,29.9,69.0,19.0,57.0,2024-12-28 14:53:54.469
milky_mushroom,29.9,69.0,18.0,56.0,2024-12-28 14:54:00.009
milky_mushroom,29.9,68.9,17.0,51.0,2024-12-28 14:54:05.226
milky_mushroom,29.9,68.8,17.0,53.0,2024-12-28 14:54:10.646
milky_mushroom,29.9,68.7,17.0,53.0,2024-12-28 14:54:15.877
milky_mushroom,29.8,68.8,18.0,54.0,2024-12-28 14:54:21.275
milky_mushroom,29.9,68.9,18.0,52.0,2024-12-28 14:54:26.529
milky_mushroom,29.9,69.1,19.0,56.0,2024-12-28 14:54:31.748
milky_mushroom,29.9,69.0,18.0,57.0,2024-12-28 14:54:36.947
milky_mushroom,29.9,68.9,17.0,51.0,2024-12-28 14:54:42.210
milky_mushroom,29.9,68.8,18.0,54.0,2024-12-28 14:54:47.595
milky_mushroom,29.9,68.8,17.0,52.0,2024-12-28 14:54:52.852
milky_mushroom,29.9,68.7,18.0,52.0,2024-12-28 14:54:58.170
milky_mushroom,29.9,68.8,17.0,54.0,2024-12-28 14:55:03.549
milky_mushroom,29.9,68.8,18.0,53.0,2024-12-28 14:55:08.818
milky_mushroom,29.9,68.8,17.0,52.0,2024-12-28 14:55:14.159
milky_mushroom,29.9,68.8,18.0,53.0,2024-12-28 14:55:19.368
milky_mushroom,29.9,68.8,18.0,53.0,2024-12-28 14:55:24.686
milky_mushroom,29.9,68.9,17.0,52.0,2024-12-28 14:55:30.146
milky_mushroom,29.9,68.8,18.0,54.0,2024-12-28 14:55:35.543
milky_mushroom,29.9,68.8,18.0,54.0,2024-12-28 14:55:40.779
milky_mushroom,29.9,68.8,17.0,52.0,2024-12-28 14:55:46.184
milky_mushroom,29.9,68.6,18.0,54.0,2024-12-28 14:55:51.514
milky_mushroom,29.9,68.7,17.0,52.0,2024-12-28 14:55:56.753
milky_mushroom,29.9,68.6,18.0,53.0,2024-12-28 14:56:01.967
milky_mushroom,29.9,68.6,18.0,54.0,2024-12-28 14:56:07.189
milky_mushroom,29.9,68.8,18.0,53.0,2024-12-28 14:56:12.399
milky_mushroom,29.9,68.9,18.0,52.0,2024-12-28 14:56:17.636
milky_mushroom,29.9,68.6,18.0,55.0,2024-12-28 14:56:22.859
milky_mushroom,29.9,68.6,18.0,54.0,2024-12-28 14:56:28.180
milky_mushroom,29.9,68.6,18.0,55.0,2024-12-28 14:56:33.510
milky_mushroom,29.9,68.6,18.0,54.0,2024-12-28 14:56:38.940
milky_mushroom,29.9,68.6,18.0,54.0,2024-12-28 14:56:44.258
milky_mushroom,29.9,68.6,19.0,55.0,2024-12-28 14:56:49.590
milky_mushroom,29.9,68.7,18.0,53.0,2024-12-28 14:56:54.909
milky_mushroom,29.9,68.6,18.0,56.0,2024-12-28 14:57:00.233
milky_mushroom,29.9,68.8,17.0,53.0,2024-12-28 14:57:05.662
milky_mushroom,29.9,68.6,18.0,55.0,2024-12-28 14:57:10.976
milky_mushroom,29.9,68.8,18.0,53.0,2024-12-28 14:57:16.310
milky_mushroom,29.9,68.8,18.0,55.0,2024-12-28 14:57:21.530
milky_mushroom,29.9,68.9,17.0,52.0,2024-12-28 14:57:26.849
milky_mushroom,29.9,68.8,18.0,54.0,2024-12-28 14:57:32.072
milky_mushroom,29.9,68.7,17.0,53.0,2024-12-28 14:57:37.303
milky_mushroom,29.9,68.6,18.0,56.0,2024-12-28 14:57:42.533
milky_mushroom,29.9,68.7,17.0,53.0,2024-12-28 14:57:47.739
milky_mushroom,29.9,68.6,18.0,55.0,2024-12-28 14:57:52.963
milky_mushroom,29.9,68.7,18.0,54.0,2024-12-28 14:57:58.203
milky_mushroom,29.9,68.7,17.0,53.0,2024-12-28 14:58:03.518
milky_mushroom,29.9,68.6,18.0,54.0,2024-12-28 14:58:08.841
milky_mushroom,29.8,68.7,18.0,55.0,2024-12-28 14:58:14.161
milky_mushroom,29.9,68.7,18.0,54.0,2024-12-28 14:58:19.495
milky_mushroom,29.8,68.9,18.0,54.0,2024-12-28 14:58:24.718
milky_mushroom,29.8,68.8,18.0,54.0,2024-12-28 14:58:29.940
milky_mushroom,29.9,68.8,18.0,54.0,2024-12-28 14:58:35.161
milky_mushroom,29.8,68.8,17.0,54.0,2024-12-28 14:58:40.392
milky_mushroom,29.8,68.8,18.0,54.0,2024-12-28 14:58:45.609
milky_mushroom,29.8,68.9,18.0,54.0,2024-12-28 14:58:50.827
milky_mushroom,29.8,69.0,18.0,53.0,2024-12-28 14:58:56.050
milky_mushroom,29.8,68.9,18.0,54.0,2024-12-28 14:59:01.381
milky_mushroom,29.8,69.0,18.0,54.0,2024-12-28 14:59:06.688
milky_mushroom,29.7,68.9,18.0,54.0,2024-12-28 14:59:11.908
milky_mushroom,29.7,69.1,18.0,54.0,2024-12-28 14:59:17.152
milky_mushroom,29.8,69.1,18.0,57.0,2024-12-28 14:59:22.371
milky_mushroom,29.7,69.2,19.0,58.0,2024-12-28 14:59:27.587
milky_mushroom,29.7,69.2,19.0,57.0,2024-12-28 14:59:32.922
milky_mushroom,29.7,69.2,19.0,58.0,2024-12-28 14:59:38.137
milky_mushroom,29.7,69.2,18.0,57.0,2024-12-28 14:59:43.474
milky_mushroom,29.7,69.2,19.0,58.0,2024-12-28 14:59:48.783
milky_mushroom,29.8,69.1,18.0,58.0,2024-12-28 14:59:54.099
milky_mushroom,29.7,69.1,18.0,53.0,2024-12-28 14:59:59.339
milky_mushroom,29.7,69.1,18.0,54.0,2024-12-28 15:00:04.567
milky_mushroom,29.7,69.1,18.0,53.0,2024-12-28 15:00:09.893
milky_mushroom,29.7,69.2,19.0,58.0,2024-12-28 15:00:15.112
milky_mushroom,29.7,69.1,18.0,54.0,2024-12-28 15:00:20.333
milky_mushroom,29.7,69.2,18.0,58.0,2024-12-28 15:00:25.553
milky_mushroom,29.7,69.2,18.0,57.0,2024-12-28 15:00:30.873
milky_mushroom,29.7,69.2,18.0,57.0,2024-12-28 15:00:36.505
milky_mushroom,29.7,69.4,18.0,57.0,2024-12-28 15:00:41.733
milky_mushroom,29.7,69.3,19.0,57.0,2024-12-28 15:00:47.057
milky_mushroom,29.7,69.5,18.0,55.0,2024-12-28 15:00:52.417
milky_mushroom,29.7,69.5,18.0,54.0,2024-12-28 15:00:57.715
milky_mushroom,29.7,69.6,18.0,56.0,2024-12-28 15:01:02.934
milky_mushroom,29.7,69.7,18.0,54.0,2024-12-28 15:01:08.241
milky_mushroom,29.7,69.8,18.0,55.0,2024-12-28 15:01:13.484
milky_mushroom,29.7,69.6,18.0,56.0,2024-12-28 15:01:18.805
milky_mushroom,29.7,69.6,19.0,57.0,2024-12-28 15:01:24.244
milky_mushroom,29.7,69.6,18.0,56.0,2024-12-28 15:01:29.666
milky_mushroom,29.7,69.6,19.0,58.0,2024-12-28 15:01:34.881
milky_mushroom,29.7,69.6,18.0,57.0,2024-12-28 15:01:40.215
milky_mushroom,29.7,69.5,18.0,55.0,2024-12-28 15:01:45.535
milky_mushroom,29.7,69.5,18.0,55.0,2024-12-28 15:01:50.849
milky_mushroom,29.7,69.4,18.0,55.0,2024-12-28 15:01:56.182
milky_mushroom,29.7,69.5,18.0,55.0,2024-12-28 15:02:01.405
milky_mushroom,29.7,69.5,18.0,55.0,2024-12-28 15:02:06.713
milky_mushroom,29.7,69.5,18.0,54.0,2024-12-28 15:02:12.050
milky_mushroom,29.7,69.5,18.0,55.0,2024-12-28 15:02:17.375
milky_mushroom,29.7,69.5,18.0,54.0,2024-12-28 15:02:22.700
milky_mushroom,29.7,69.5,17.0,54.0,2024-12-28 15:02:28.025
milky_mushroom,29.7,69.4,19.0,56.0,2024-12-28 15:02:33.255
milky_mushroom,29.7,69.4,18.0,56.0,2024-12-28 15:02:38.575
milky_mushroom,29.7,69.5,19.0,56.0,2024-12-28 15:02:43.886
milky_mushroom,29.7,69.4,19.0,56.0,2024-12-28 15:02:49.129
milky_mushroom,29.7,69.4,18.0,55.0,2024-12-28 15:02:54.455
milky_mushroom,29.7,69.5,18.0,54.0,2024-12-28 15:02:59.976
milky_mushroom,29.7,69.7,18.0,55.0,2024-12-28 15:03:05.493
milky_mushroom,29.6,69.9,18.0,56.0,2024-12-28 15:03:10.730
milky_mushroom,29.7,69.7,19.0,55.0,2024-12-28 15:03:16.053
milky_mushroom,29.7,69.6,18.0,57.0,2024-12-28 15:03:21.389
milky_mushroom,29.7,69.6,18.0,57.0,2024-12-28 15:03:26.723
milky_mushroom,29.7,69.6,18.0,57.0,2024-12-28 15:03:31.924
milky_mushroom,29.7,69.7,18.0,56.0,2024-12-28 15:03:37.131
milky_mushroom,29.7,69.9,18.0,53.0,2024-12-28 15:03:42.374
milky_mushroom,29.7,69.8,19.0,56.0,2024-12-28 15:03:47.694
milky_mushroom,29.7,69.6,18.0,57.0,2024-12-28 15:03:52.926
milky_mushroom,29.7,69.8,18.0,55.0,2024-12-28 15:03:58.138
milky_mushroom,29.7,69.7,18.0,56.0,2024-12-28 15:04:03.462
milky_mushroom,29.7,69.6,18.0,56.0,2024-12-28 15:04:08.897
milky_mushroom,29.7,69.8,18.0,55.0,2024-12-28 15:04:14.228
milky_mushroom,29.7,69.8,18.0,55.0,2024-12-28 15:04:19.447
milky_mushroom,29.7,69.7,17.0,55.0,2024-12-28 15:04:24.661
milky_mushroom,29.7,69.5,19.0,55.0,2024-12-28 15:04:29.998
milky_mushroom,29.7,69.5,18.0,55.0,2024-12-28 15:04:35.317
milky_mushroom,29.7,69.6,18.0,57.0,2024-12-28 15:04:40.646
milky_mushroom,29.7,69.7,18.0,55.0,2024-12-28 15:04:45.994
milky_mushroom,29.7,69.7,18.0,54.0,2024-12-28 15:04:51.194
milky_mushroom,29.7,69.6,18.0,56.0,2024-12-28 15:04:56.515
milky_mushroom,29.7,69.8,18.0,55.0,2024-12-28 15:05:01.835
milky_mushroom,29.7,69.7,17.0,55.0,2024-12-28 15:05:07.169
milky_mushroom,29.7,69.6,18.0,56.0,2024-12-28 15:05:12.388
milky_mushroom,29.7,69.8,17.0,55.0,2024-12-28 15:05:17.608
milky_mushroom,29.7,69.7,18.0,54.0,2024-12-28 15:05:22.838
milky_mushroom,29.7,69.6,18.0,56.0,2024-12-28 15:05:28.278
milky_mushroom,29.7,69.8,18.0,55.0,2024-12-28 15:05:33.488
milky_mushroom,29.7,69.8,19.0,56.0,2024-12-28 15:05:38.809
milky_mushroom,29.7,69.5,18.0,55.0,2024-12-28 15:05:44.238
milky_mushroom,29.7,69.5,17.0,54.0,2024-12-28 15:05:49.571
milky_mushroom,29.7,69.5,18.0,55.0,2024-12-28 15:05:55.082
milky_mushroom,29.7,69.5,18.0,56.0,2024-12-28 15:06:00.446
milky_mushroom,29.7,69.5,18.0,55.0,2024-12-28 15:06:05.840
milky_mushroom,29.7,69.5,17.0,54.0,2024-12-28 15:06:11.168
milky_mushroom,29.7,69.5,18.0,55.0,2024-12-28 15:06:16.484
milky_mushroom,29.7,69.5,18.0,55.0,2024-12-28 15:06:21.839
milky_mushroom,29.7,69.4,19.0,56.0,2024-12-28 15:06:27.125
milky_mushroom,29.7,69.7,18.0,56.0,2024-12-28 15:06:32.379
milky_mushroom,29.7,70.0,18.0,57.0,2024-12-28 15:06:37.685
milky_mushroom,29.7,70.1,18.0,55.0,2024-12-28 15:06:43.006
milky_mushroom,29.7,69.9,18.0,55.0,2024-12-28 15:06:48.235
milky_mushroom,29.7,70.0,18.0,56.0,2024-12-28 15:06:53.459
milky_mushroom,29.7,69.7,18.0,54.0,2024-12-28 15:06:58.896
milky_mushroom,29.7,69.5,18.0,56.0,2024-12-28 15:07:04.204
milky_mushroom,29.7,69.6,18.0,57.0,2024-12-28 15:07:09.539
milky_mushroom,29.8,69.5,17.0,56.0,2024-12-28 15:07:14.874
milky_mushroom,29.7,69.5,18.0,54.0,2024-12-28 15:07:20.089
milky_mushroom,29.8,69.4,18.0,55.0,2024-12-28 15:07:25.517
milky_mushroom,29.7,69.5,18.0,55.0,2024-12-28 15:07:30.940
milky_mushroom,29.7,69.5,18.0,55.0,2024-12-28 15:07:36.160
milky_mushroom,29.7,69.3,18.0,56.0,2024-12-28 15:07:41.490
milky_mushroom,29.7,69.4,19.0,56.0,2024-12-28 15:07:46.710
milky_mushroom,29.7,69.5,18.0,54.0,2024-12-28 15:07:51.940
milky_mushroom,29.7,69.4,18.0,57.0,2024-12-28 15:07:57.160
milky_mushroom,29.7,69.4,18.0,56.0,2024-12-28 15:08:02.380
milky_mushroom,29.7,69.5,18.0,55.0,2024-12-28 15:08:07.600
milky_mushroom,29.7,69.4,18.0,56.0,2024-12-28 15:08:12.917
milky_mushroom,29.7,69.3,18.0,56.0,2024-12-28 15:08:18.195
milky_mushroom,29.7,69.2,18.0,58.0,2024-12-28 15:08:23.481
milky_mushroom,29.7,69.2,18.0,57.0,2024-12-28 15:08:28.802
milky_mushroom,29.6,69.1,18.0,54.0,2024-12-28 15:08:34.021
milky_mushroom,29.7,69.2,17.0,56.0,2024-12-28 15:08:39.342
milky_mushroom,29.7,69.2,18.0,57.0,2024-12-28 15:08:44.675
milky_mushroom,29.6,69.3,18.0,58.0,2024-12-28 15:08:49.997
milky_mushroom,29.6,69.3,19.0,59.0,2024-12-28 15:08:55.321
milky_mushroom,29.6,69.2,18.0,53.0,2024-12-28 15:09:00.541
milky_mushroom,29.6,69.3,18.0,58.0,2024-12-28 15:09:05.773
milky_mushroom,29.6,69.3,18.0,58.0,2024-12-28 15:09:10.980
milky_mushroom,29.6,69.2,18.0,53.0,2024-12-28 15:09:16.312
milky_mushroom,29.6,69.4,18.0,56.0,2024-12-28 15:09:21.643
milky_mushroom,29.6,69.3,18.0,57.0,2024-12-28 15:09:26.873
milky_mushroom,29.6,69.2,17.0,52.0,2024-12-28 15:09:32.078
milky_mushroom,29.6,69.5,18.0,57.0,2024-12-28 15:09:37.411
milky_mushroom,29.6,69.7,19.0,58.0,2024-12-28 15:09:42.629
milky_mushroom,29.6,69.6,17.0,55.0,2024-12-28 15:09:47.849
milky_mushroom,29.6,69.7,19.0,57.0,2024-12-28 15:09:53.183
milky_mushroom,29.6,69.7,18.0,56.0,2024-12-28 15:09:58.402
milky_mushroom,29.5,69.6,18.0,56.0,2024-12-28 15:10:03.631
milky_mushroom,29.5,69.8,18.0,55.0,2024-12-28 15:10:09.053
milky_mushroom,29.6,69.8,19.0,55.0,2024-12-28 15:10:14.277
milky_mushroom,29.6,69.8,18.0,55.0,2024-12-28 15:10:19.699
milky_mushroom,29.5,69.8,18.0,56.0,2024-12-28 15:10:24.915
milky_mushroom,29.5,69.8,18.0,56.0,2024-12-28 15:10:30.143
milky_mushroom,29.6,70.0,18.0,54.0,2024-12-28 15:10:35.372
milky_mushroom,29.5,70.0,17.0,54.0,2024-12-28 15:10:40.594
milky_mushroom,29.6,69.9,18.0,55.0,2024-12-28 15:10:45.813
milky_mushroom,29.5,69.7,18.0,55.0,2024-12-28 15:10:51.037
milky_mushroom,29.5,69.6,18.0,56.0,2024-12-28 15:10:56.263
milky_mushroom,29.5,69.9,17.0,54.0,2024-12-28 15:11:01.583
milky_mushroom,29.6,69.9,18.0,55.0,2024-12-28 15:11:06.914
milky_mushroom,29.5,69.9,18.0,55.0,2024-12-28 15:11:12.230
milky_mushroom,29.5,69.8,18.0,56.0,2024-12-28 15:11:17.563
milky_mushroom,29.5,69.8,18.0,55.0,2024-12-28 15:11:22.783
milky_mushroom,29.5,69.8,18.0,55.0,2024-12-28 15:11:28.105
milky_mushroom,29.6,69.7,18.0,57.0,2024-12-28 15:11:33.327
milky_mushroom,29.6,69.7,19.0,58.0,2024-12-28 15:11:38.543
milky_mushroom,29.5,69.6,17.0,55.0,2024-12-28 15:11:44.073
milky_mushroom,29.5,69.6,18.0,56.0,2024-12-28 15:11:49.516
milky_mushroom,29.5,69.5,18.0,55.0,2024-12-28 15:11:54.726
milky_mushroom,29.5,69.5,18.0,55.0,2024-12-28 15:12:00.165
milky_mushroom,29.5,69.6,18.0,56.0,2024-12-28 15:12:05.485
milky_mushroom,29.5,69.6,18.0,56.0,2024-12-28 15:12:10.704
milky_mushroom,29.5,69.4,18.0,57.0,2024-12-28 15:12:16.036
milky_mushroom,29.5,69.5,18.0,55.0,2024-12-28 15:12:21.255
milky_mushroom,29.5,69.5,18.0,56.0,2024-12-28 15:12:26.486
milky_mushroom,29.5,69.5,18.0,55.0,2024-12-28 15:12:31.805
milky_mushroom,29.6,69.5,18.0,56.0,2024-12-28 15:12:37.125
milky_mushroom,29.5,69.8,19.0,56.0,2024-12-28 15:12:42.441
milky_mushroom,29.5,69.7,18.0,54.0,2024-12-28 15:12:47.674
milky_mushroom,29.5,69.8,18.0,55.0,2024-12-28 15:12:52.895
milky_mushroom,29.6,69.7,18.0,55.0,2024-12-28 15:12:58.125
milky_mushroom,29.5,69.7,19.0,55.0,2024-12-28 15:13:03.345
milky_mushroom,29.5,69.6,18.0,55.0,2024-12-28 15:13:08.566
milky_mushroom,29.5,69.5,18.0,55.0,2024-12-28 15:13:13.785
milky_mushroom,29.6,69.7,18.0,56.0,2024-12-28 15:13:19.209
milky_mushroom,29.5,69.8,18.0,55.0,2024-12-28 15:13:24.533
milky_mushroom,29.5,69.6,18.0,55.0,2024-12-28 15:13:29.866
milky_mushroom,29.6,69.7,19.0,57.0,2024-12-28 15:13:35.083
milky_mushroom,29.6,69.7,18.0,57.0,2024-12-28 15:13:40.303
milky_mushroom,29.6,69.8,19.0,56.0,2024-12-28 15:13:45.522
milky_mushroom,29.6,69.5,18.0,57.0,2024-12-28 15:13:50.747
milky_mushroom,29.6,69.6,18.0,55.0,2024-12-28 15:13:55.969
milky_mushroom,29.6,69.6,18.0,55.0,2024-12-28 15:14:01.199
milky_mushroom,29.6,69.8,19.0,56.0,2024-12-28 15:14:06.419
milky_mushroom,29.6,69.8,17.0,55.0,2024-12-28 15:14:11.732
milky_mushroom,29.6,70.4,19.0,55.0,2024-12-28 15:14:16.962
milky_mushroom,29.6,70.7,18.0,56.0,2024-12-28 15:14:22.185
milky_mushroom,29.6,70.7,18.0,55.0,2024-12-28 15:14:27.508
milky_mushroom,29.6,70.6,18.0,56.0,2024-12-28 15:14:32.845
milky_mushroom,29.6,70.7,18.0,55.0,2024-12-28 15:14:38.059
milky_mushroom,29.6,70.7,18.0,56.0,2024-12-28 15:14:43.299
milky_mushroom,29.6,70.3,18.0,55.0,2024-12-28 15:14:48.616
milky_mushroom,29.6,70.3,18.0,55.0,2024-12-28 15:14:53.838
milky_mushroom,29.6,70.0,17.0,53.0,2024-12-28 15:14:59.190
milky_mushroom,29.6,69.7,19.0,57.0,2024-12-28 15:15:04.720
milky_mushroom,29.6,69.9,18.0,55.0,2024-12-28 15:15:10.044
milky_mushroom,29.6,69.9,18.0,57.0,2024-12-28 15:15:15.344
milky_mushroom,29.6,69.6,18.0,56.0,2024-12-28 15:15:20.568
milky_mushroom,29.6,69.6,18.0,55.0,2024-12-28 15:15:25.939
milky_mushroom,29.6,69.5,18.0,57.0,2024-12-28 15:15:31.221
milky_mushroom,29.6,69.6,18.0,55.0,2024-12-28 15:15:36.549
milky_mushroom,29.6,69.5,18.0,57.0,2024-12-28 15:15:41.811
milky_mushroom,29.6,69.5,18.0,56.0,2024-12-28 15:15:47.087
milky_mushroom,29.6,69.2,17.0,53.0,2024-12-28 15:15:52.361
milky_mushroom,29.6,69.3,19.0,59.0,2024-12-28 15:15:57.746
milky_mushroom,29.7,69.3,19.0,58.0,2024-12-28 15:16:02.958
milky_mushroom,29.7,69.3,18.0,56.0,2024-12-28 15:16:08.175
milky_mushroom,29.6,69.2,18.0,53.0,2024-12-28 15:16:13.603
milky_mushroom,29.7,69.3,18.0,55.0,2024-12-28 15:16:19.150
milky_mushroom,29.6,69.3,18.0,57.0,2024-12-28 15:16:24.373
milky_mushroom,29.7,69.2,19.0,58.0,2024-12-28 15:16:29.681
milky_mushroom,29.6,69.3,18.0,58.0,2024-12-28 15:16:35.014
milky_mushroom,29.7,69.3,18.0,55.0,2024-12-28 15:16:40.327
milky_mushroom,29.6,69.2,18.0,54.0,2024-12-28 15:16:45.867
milky_mushroom,29.6,69.3,18.0,58.0,2024-12-28 15:16:51.194
milky_mushroom,29.6,69.2,18.0,54.0,2024-12-28 15:16:56.620
milky_mushroom,29.6,69.1,18.0,55.0,2024-12-28 15:17:01.835
milky_mushroom,29.7,69.1,17.0,54.0,2024-12-28 15:17:07.069
milky_mushroom,29.6,69.0,17.0,54.0,2024-12-28 15:17:12.288
milky_mushroom,29.6,69.1,18.0,54.0,2024-12-28 15:17:17.504
milky_mushroom,29.7,69.1,18.0,53.0,2024-12-28 15:17:22.929
milky_mushroom,29.7,69.1,18.0,53.0,2024-12-28 15:17:28.249
milky_mushroom,29.6,69.0,19.0,55.0,2024-12-28 15:17:33.604
milky_mushroom,29.7,69.1,19.0,55.0,2024-12-28 15:17:38.825
milky_mushroom,29.7,69.1,18.0,53.0,2024-12-28 15:17:44.031
milky_mushroom,29.7,69.1,18.0,54.0,2024-12-28 15:17:49.359
milky_mushroom,29.6,69.1,19.0,55.0,2024-12-28 15:17:54.579
milky_mushroom,29.6,69.1,18.0,56.0,2024-12-28 15:17:59.809
milky_mushroom,29.7,69.1,19.0,54.0,2024-12-28 15:18:05.025
milky_mushroom,29.7,69.1,18.0,53.0,2024-12-28 15:18:10.335
milky_mushroom,29.7,69.1,17.0,53.0,2024-12-28 15:18:15.671
milky_mushroom,29.7,69.2,19.0,59.0,2024-12-28 15:18:20.994
milky_mushroom,29.7,69.1,17.0,53.0,2024-12-28 15:18:26.331
milky_mushroom,29.7,69.2,18.0,58.0,2024-12-28 15:18:31.747
milky_mushroom,29.7,69.2,18.0,57.0,2024-12-28 15:18:37.068
milky_mushroom,29.7,69.1,18.0,54.0,2024-12-28 15:18:42.409
milky_mushroom,29.7,69.3,18.0,56.0,2024-12-28 15:18:47.631
milky_mushroom,29.7,69.2,18.0,58.0,2024-12-28 15:18:52.972
milky_mushroom,29.6,69.2,17.0,53.0,2024-12-28 15:18:58.480
milky_mushroom,29.7,69.2,18.0,57.0,2024-12-28 15:19:03.909
milky_mushroom,29.7,69.2,18.0,57.0,2024-12-28 15:19:09.236
milky_mushroom,29.6,69.2,17.0,53.0,2024-12-28 15:19:14.569
milky_mushroom,29.7,69.2,18.0,57.0,2024-12-28 15:19:19.879
milky_mushroom,29.7,69.2,18.0,58.0,2024-12-28 15:19:25.312
milky_mushroom,29.7,69.1,17.0,53.0,2024-12-28 15:19:30.622
milky_mushroom,29.6,69.3,19.0,59.0,2024-12-28 15:19:36.046
milky_mushroom,29.7,69.3,18.0,56.0,2024-12-28 15:19:41.282
milky_mushroom,29.7,69.4,18.0,56.0,2024-12-28 15:19:46.841
milky_mushroom,29.6,69.3,18.0,57.0,2024-12-28 15:19:52.330
milky_mushroom,29.7,69.1,18.0,53.0,2024-12-28 15:19:57.670
milky_mushroom,29.7,69.3,19.0,57.0,2024-12-28 15:20:02.976
milky_mushroom,29.7,69.2,18.0,58.0,2024-12-28 15:20:08.315
milky_mushroom,29.7,69.0,17.0,53.0,2024-12-28 15:20:13.554
milky_mushroom,29.6,69.1,18.0,55.0,2024-12-28 15:20:18.755
milky_mushroom,29.7,68.9,17.0,54.0,2024-12-28 15:20:23.990
milky_mushroom,29.6,69.1,18.0,55.0,2024-12-28 15:20:29.306
milky_mushroom,29.7,69.1,17.0,52.0,2024-12-28 15:20:34.496
milky_mushroom,29.6,69.1,17.0,54.0,2024-12-28 15:20:39.752
milky_mushroom,29.7,69.0,18.0,54.0,2024-12-28 15:20:45.018
milky_mushroom,29.6,69.0,19.0,56.0,2024-12-28 15:20:50.398
milky_mushroom,29.6,69.0,17.0,54.0,2024-12-28 15:20:55.731
milky_mushroom,29.6,69.1,18.0,54.0,2024-12-28 15:21:00.952
milky_mushroom,29.7,69.0,18.0,55.0,2024-12-28 15:21:06.182
milky_mushroom,29.7,69.1,17.0,52.0,2024-12-28 15:21:11.521
milky_mushroom,29.7,69.1,17.0,53.0,2024-12-28 15:21:16.743
milky_mushroom,29.7,68.9,18.0,54.0,2024-12-28 15:21:22.051
milky_mushroom,29.7,69.0,18.0,54.0,2024-12-28 15:21:27.373
milky_mushroom,29.7,68.9,17.0,55.0,2024-12-28 15:21:32.702
milky_mushroom,29.7,68.9,19.0,55.0,2024-12-28 15:21:37.926
milky_mushroom,29.7,69.0,18.0,54.0,2024-12-28 15:21:43.153
milky_mushroom,29.7,68.8,18.0,55.0,2024-12-28 15:21:48.366
milky_mushroom,29.7,68.7,19.0,55.0,2024-12-28 15:21:53.605
milky_mushroom,29.7,68.7,17.0,53.0,2024-12-28 15:21:58.909
milky_mushroom,29.7,68.8,17.0,55.0,2024-12-28 15:22:04.173
milky_mushroom,29.7,68.8,18.0,54.0,2024-12-28 15:22:09.774
milky_mushroom,29.7,68.8,17.0,55.0,2024-12-28 15:22:15.227
milky_mushroom,29.6,68.7,18.0,55.0,2024-12-28 15:22:20.630
milky_mushroom,29.7,68.8,17.0,55.0,2024-12-28 15:22:25.954
milky_mushroom,29.7,68.9,18.0,54.0,2024-12-28 15:22:31.174
milky_mushroom,29.7,68.9,18.0,54.0,2024-12-28 15:22:36.504
milky_mushroom,29.7,69.0,18.0,55.0,2024-12-28 15:22:41.806
milky_mushroom,29.7,68.9,18.0,54.0,2024-12-28 15:22:47.151
milky_mushroom,29.7,68.8,18.0,56.0,2024-12-28 15:22:54.972
milky_mushroom,29.7,69.1,17.0,52.0,2024-12-28 15:23:00.273
milky_mushroom,29.7,69.0,18.0,54.0,2024-12-28 15:23:05.584
milky_mushroom,29.7,68.9,18.0,54.0,2024-12-28 15:23:10.908
milky_mushroom,29.7,69.1,18.0,53.0,2024-12-28 15:23:16.323
milky_mushroom,29.6,69.0,18.0,54.0,2024-12-28 15:23:21.548
milky_mushroom,29.7,69.0,17.0,54.0,2024-12-28 15:23:26.785
milky_mushroom,29.7,68.9,18.0,54.0,2024-12-28 15:23:32.226
milky_mushroom,29.7,68.9,18.0,54.0,2024-12-28 15:23:37.634
milky_mushroom,29.7,68.8,18.0,57.0,2024-12-28 15:23:42.856
milky_mushroom,29.7,68.8,18.0,56.0,2024-12-28 15:23:48.082
milky_mushroom,29.6,68.9,18.0,55.0,2024-12-28 15:23:53.421
milky_mushroom,29.7,68.8,19.0,56.0,2024-12-28 15:23:58.732
milky_mushroom,29.7,68.9,18.0,55.0,2024-12-28 15:24:04.169
milky_mushroom,29.7,68.8,18.0,55.0,2024-12-28 15:24:09.680
milky_mushroom,29.7,68.7,18.0,54.0,2024-12-28 15:24:14.895
milky_mushroom,29.6,68.6,18.0,55.0,2024-12-28 15:24:20.232
milky_mushroom,29.6,68.7,17.0,55.0,2024-12-28 15:24:25.655
milky_mushroom,29.6,68.9,19.0,56.0,2024-12-28 15:24:30.876
milky_mushroom,29.7,68.7,18.0,53.0,2024-12-28 15:24:36.115
milky_mushroom,29.6,68.6,18.0,55.0,2024-12-28 15:24:41.431
milky_mushroom,29.6,68.7,18.0,56.0,2024-12-28 15:24:46.647
milky_mushroom,29.6,68.7,18.0,56.0,2024-12-28 15:24:51.871
milky_mushroom,29.6,68.6,19.0,56.0,2024-12-28 15:24:57.092
milky_mushroom,29.7,68.7,18.0,54.0,2024-12-28 15:25:02.312
milky_mushroom,29.7,68.6,18.0,55.0,2024-12-28 15:25:07.645
milky_mushroom,29.6,68.5,18.0,56.0,2024-12-28 15:25:13.070
milky_mushroom,29.7,68.6,18.0,56.0,2024-12-28 15:25:18.283
milky_mushroom,29.6,68.6,18.0,55.0,2024-12-28 15:25:23.720
milky_mushroom,29.6,68.7,17.0,55.0,2024-12-28 15:25:29.051
milky_mushroom,29.6,68.7,19.0,57.0,2024-12-28 15:25:34.375
milky_mushroom,29.7,68.9,18.0,54.0,2024-12-28 15:25:39.736
milky_mushroom,29.6,68.7,18.0,55.0,2024-12-28 15:25:45.140
milky_mushroom,29.7,68.7,17.0,53.0,2024-12-28 15:25:50.551
milky_mushroom,29.6,68.8,18.0,55.0,2024-12-28 15:25:55.987
milky_mushroom,29.6,68.7,18.0,56.0,2024-12-28 15:26:01.507
milky_mushroom,29.7,68.7,18.0,54.0,2024-12-28 15:26:06.742
milky_mushroom,29.7,68.7,17.0,53.0,2024-12-28 15:26:12.150
milky_mushroom,29.7,68.8,17.0,54.0,2024-12-28 15:26:17.382
milky_mushroom,29.7,69.0,18.0,54.0,2024-12-28 15:26:23.016
milky_mushroom,29.7,69.0,18.0,54.0,2024-12-28 15:26:28.228
milky_mushroom,29.7,69.0,18.0,54.0,2024-12-28 15:26:33.562
milky_mushroom,29.7,69.0,19.0,55.0,2024-12-28 15:26:39.121
milky_mushroom,29.7,69.2,18.0,57.0,2024-12-28 15:26:44.530
milky_mushroom,29.7,69.0,19.0,55.0,2024-12-28 15:26:49.848
milky_mushroom,29.7,68.9,18.0,54.0,2024-12-28 15:26:55.069
milky_mushroom,29.7,68.8,17.0,55.0,2024-12-28 15:27:00.281
milky_mushroom,29.7,69.0,17.0,52.0,2024-12-28 15:27:05.518
milky_mushroom,29.7,68.9,18.0,53.0,2024-12-28 15:27:10.835
milky_mushroom,29.7,68.6,17.0,54.0,2024-12-28 15:27:16.067
milky_mushroom,29.7,68.7,18.0,53.0,2024-12-28 15:27:21.288
milky_mushroom,29.7,68.6,19.0,55.0,2024-12-28 15:27:26.497
milky_mushroom,29.7,68.6,18.0,54.0,2024-12-28 15:27:31.967
milky_mushroom,29.7,68.5,18.0,55.0,2024-12-28 15:27:37.357
milky_mushroom,29.7,68.6,18.0,55.0,2024-12-28 15:27:43.147
milky_mushroom,29.7,68.5,18.0,54.0,2024-12-28 15:27:49.033
milky_mushroom,29.7,68.4,18.0,55.0,2024-12-28 15:27:54.460
milky_mushroom,29.7,68.4,18.0,55.0,2024-12-28 15:27:59.920
milky_mushroom,29.7,68.7,18.0,53.0,2024-12-28 15:28:05.526
milky_mushroom,29.7,68.5,18.0,55.0,2024-12-28 15:28:10.843
milky_mushroom,29.7,68.5,17.0,54.0,2024-12-28 15:28:16.367
milky_mushroom,29.7,67.4,16.0,50.0,2024-12-29 03:27:54.004
milky_mushroom,29.7,66.8,16.0,51.0,2024-12-29 03:27:59.125
milky_mushroom,29.7,66.6,18.0,53.0,2024-12-29 03:28:04.389
milky_mushroom,29.7,66.9,17.0,48.0,2024-12-29 03:28:09.526
milky_mushroom,29.7,66.9,18.0,51.0,2024-12-29 03:28:14.849
milky_mushroom,29.6,66.9,19.0,54.0,2024-12-29 03:28:20.116
milky_mushroom,29.7,66.9,16.0,52.0,2024-12-29 03:28:25.356
milky_mushroom,29.6,66.9,19.0,55.0,2024-12-29 03:28:30.518
milky_mushroom,29.6,66.7,15.0,52.0,2024-12-29 03:28:35.723
milky_mushroom,29.6,66.8,15.0,50.0,2024-12-29 03:28:41.113
milky_mushroom,29.6,67.1,16.0,54.0,2024-12-29 03:28:46.391
milky_mushroom,29.5,67.1,15.0,49.0,2024-12-29 03:28:51.681
milky_mushroom,29.5,67.2,19.0,53.0,2024-12-29 03:28:58.004
milky_mushroom,29.5,67.1,19.0,52.0,2024-12-29 03:29:03.524
milky_mushroom,29.5,67.3,19.0,52.0,2024-12-29 03:29:08.873
milky_mushroom,29.5,67.2,16.0,51.0,2024-12-29 03:29:14.235
milky_mushroom,29.5,67.4,19.0,54.0,2024-12-29 03:29:19.371
milky_mushroom,29.5,67.7,14.0,49.0,2024-12-29 03:29:24.492
milky_mushroom,29.4,67.8,18.0,52.0,2024-12-29 03:29:29.609
milky_mushroom,29.4,67.8,19.0,51.0,2024-12-29 03:29:34.789
milky_mushroom,29.4,67.9,18.0,54.0,2024-12-29 03:29:40.187
milky_mushroom,29.4,67.9,19.0,57.0,2024-12-29 03:29:45.363
milky_mushroom,29.4,67.8,19.0,51.0,2024-12-29 03:29:50.667
milky_mushroom,29.4,67.7,18.0,51.0,2024-12-29 03:29:55.981
milky_mushroom,29.4,67.8,14.0,50.0,2024-12-29 03:30:01.198
milky_mushroom,29.3,67.8,18.0,54.0,2024-12-29 03:30:06.519
milky_mushroom,29.4,67.6,19.0,53.0,2024-12-29 03:30:11.970
milky_mushroom,29.4,67.5,17.0,53.0,2024-12-29 03:30:17.378
milky_mushroom,29.3,67.6,19.0,55.0,2024-12-29 03:30:23.504
milky_mushroom,29.3,67.8,15.0,50.0,2024-12-29 03:30:28.637
milky_mushroom,29.3,67.8,15.0,52.0,2024-12-29 03:30:33.757
milky_mushroom,29.3,67.8,18.0,52.0,2024-12-29 03:30:41.423
milky_mushroom,29.3,67.8,15.0,50.0,2024-12-29 03:30:46.692
milky_mushroom,29.3,67.8,20.0,54.0,2024-12-29 03:30:52.083
milky_mushroom,29.3,67.6,19.0,55.0,2024-12-29 03:30:57.217
milky_mushroom,29.3,67.9,17.0,49.0,2024-12-29 03:31:02.660
milky_mushroom,29.3,67.8,15.0,53.0,2024-12-29 03:31:07.809
milky_mushroom,29.3,67.8,17.0,54.0,2024-12-29 03:31:13.011
milky_mushroom,29.3,67.9,15.0,49.0,2024-12-29 03:31:18.402
milky_mushroom,29.2,68.0,18.0,53.0,2024-12-29 03:31:23.841
milky_mushroom,29.3,67.8,15.0,52.0,2024-12-29 03:31:29.108
milky_mushroom,29.2,67.9,17.0,55.0,2024-12-29 03:31:34.402
milky_mushroom,29.2,67.9,19.0,54.0,2024-12-29 03:31:39.610
milky_mushroom,29.2,68.1,19.0,56.0,2024-12-29 03:31:44.823
milky_mushroom,29.2,68.2,15.0,53.0,2024-12-29 03:31:50.381
milky_mushroom,29.2,68.5,16.0,53.0,2024-12-29 03:31:56.023
milky_mushroom,29.2,68.5,17.0,56.0,2024-12-29 03:32:01.898
milky_mushroom,29.2,68.5,17.0,56.0,2024-12-29 03:32:07.290
milky_mushroom,29.2,68.4,19.0,53.0,2024-12-29 03:32:12.677
milky_mushroom,29.2,68.5,19.0,55.0,2024-12-29 03:32:17.792
milky_mushroom,29.2,68.4,19.0,53.0,2024-12-29 03:32:22.921
milky_mushroom,29.2,68.5,15.0,54.0,2024-12-29 03:32:28.352
milky_mushroom,29.2,68.4,18.0,53.0,2024-12-29 03:32:33.782
milky_mushroom,29.2,68.2,17.0,56.0,2024-12-29 03:32:39.182
milky_mushroom,29.2,68.2,17.0,56.0,2024-12-29 03:32:44.728
milky_mushroom,29.2,68.1,16.0,56.0,2024-12-29 03:32:50.013
milky_mushroom,29.2,68.1,15.0,55.0,2024-12-29 03:32:55.526
milky_mushroom,29.2,68.0,18.0,53.0,2024-12-29 03:33:01.383
milky_mushroom,29.2,67.7,17.0,53.0,2024-12-29 03:33:11.079
milky_mushroom,29.2,67.8,18.0,53.0,2024-12-29 03:33:17.542
milky_mushroom,29.2,67.7,19.0,56.0,2024-12-29 03:33:22.725
milky_mushroom,29.1,67.7,15.0,51.0,2024-12-29 03:33:28.153
milky_mushroom,29.2,67.9,19.0,54.0,2024-12-29 03:33:33.521
milky_mushroom,29.2,67.9,19.0,55.0,2024-12-29 03:33:38.931
milky_mushroom,29.2,68.0,17.0,50.0,2024-12-29 03:33:44.226
milky_mushroom,29.2,68.0,15.0,50.0,2024-12-29 03:33:49.463
milky_mushroom,29.1,67.8,19.0,56.0,2024-12-29 03:33:54.890
milky_mushroom,29.1,67.9,19.0,54.0,2024-12-29 03:34:00.319
milky_mushroom,29.1,67.8,15.0,53.0,2024-12-29 03:34:05.831
milky_mushroom,29.1,67.7,19.0,53.0,2024-12-29 03:34:11.052
milky_mushroom,29.1,67.8,17.0,53.0,2024-12-29 03:34:16.163
milky_mushroom,29.1,67.8,16.0,52.0,2024-12-29 03:34:21.549
milky_mushroom,29.2,68.1,19.0,56.0,2024-12-29 03:34:26.701
milky_mushroom,29.1,68.1,18.0,51.0,2024-12-29 03:34:31.820
milky_mushroom,29.1,68.2,18.0,55.0,2024-12-29 03:34:37.091
milky_mushroom,29.1,68.0,19.0,55.0,2024-12-29 03:34:42.387
milky_mushroom,29.1,68.1,15.0,49.0,2024-12-29 03:34:47.623
milky_mushroom,29.1,68.3,19.0,55.0,2024-12-29 03:34:52.993
milky_mushroom,29.1,68.4,16.0,53.0,2024-12-29 03:34:58.157
milky_mushroom,29.1,68.6,15.0,53.0,2024-12-29 03:35:03.585
milky_mushroom,29.1,68.4,19.0,56.0,2024-12-29 03:35:08.806
milky_mushroom,29.1,68.3,19.0,54.0,2024-12-29 03:35:13.947
milky_mushroom,29.1,68.3,16.0,53.0,2024-12-29 03:35:21.926
milky_mushroom,29.1,68.4,19.0,55.0,2024-12-29 03:35:27.243
milky_mushroom,29.1,68.3,20.0,55.0,2024-12-29 03:35:37.478
milky_mushroom,29.1,68.5,16.0,54.0,2024-12-29 03:35:45.403
milky_mushroom,29.1,68.5,16.0,53.0,2024-12-29 03:35:51.625
milky_mushroom,32.0,83.3,30.0,0.0,2024-12-29 08:01:18.979
milky_mushroom,32.0,83.7,29.0,0.0,2024-12-29 08:01:24.339
milky_mushroom,32.0,81.4,29.0,0.0,2024-12-29 08:01:29.596
milky_mushroom,32.0,79.4,28.0,0.0,2024-12-29 08:01:34.779
milky_mushroom,31.9,78.6,28.0,0.0,2024-12-29 08:01:40.270
milky_mushroom,31.8,78.5,28.0,0.0,2024-12-29 08:01:45.672
milky_mushroom,31.7,78.9,27.0,0.0,2024-12-29 08:01:50.966
milky_mushroom,31.6,79.7,29.0,0.0,2024-12-29 08:01:56.224
milky_mushroom,31.5,80.2,27.0,0.0,2024-12-29 08:02:03.355
milky_mushroom,31.2,81.2,27.0,0.0,2024-12-29 08:02:20.313
milky_mushroom,31.1,82.3,26.0,0.0,2024-12-29 08:02:26.525
milky_mushroom,30.9,83.2,26.0,0.0,2024-12-29 08:02:42.285
milky_mushroom,30.8,84.1,26.0,0.0,2024-12-29 08:02:44.464
milky_mushroom,30.6,85.1,26.0,0.0,2024-12-29 08:02:50.012
milky_mushroom,30.5,85.7,26.0,0.0,2024-12-29 08:02:56.145
milky_mushroom,30.4,86.3,26.0,0.0,2024-12-29 08:03:01.856
milky_mushroom,30.3,87.1,25.0,0.0,2024-12-29 08:03:07.260
milky_mushroom,30.2,87.6,26.0,0.0,2024-12-29 08:03:12.418
milky_mushroom,30.1,88.2,24.0,0.0,2024-12-29 08:03:17.569
milky_mushroom,30.1,88.6,24.0,0.0,2024-12-29 08:03:22.898
milky_mushroom,30.0,89.3,24.0,0.0,2024-12-29 08:03:28.111
milky_mushroom,29.9,89.6,25.0,0.0,2024-12-29 08:03:33.376
milky_mushroom,29.8,89.8,24.0,0.0,2024-12-29 08:03:38.682
milky_mushroom,29.8,89.9,25.0,0.0,2024-12-29 08:03:44.171
milky_mushroom,29.7,90.2,24.0,0.0,2024-12-29 08:03:49.381
milky_mushroom,29.6,90.6,24.0,0.0,2024-12-29 08:03:54.517
milky_mushroom,29.6,90.9,24.0,0.0,2024-12-29 08:04:06.197
milky_mushroom,29.4,92.5,25.0,0.0,2024-12-29 08:04:21.251
milky_mushroom,29.3,93.5,24.0,0.0,2024-12-29 08:04:26.739
milky_mushroom,29.3,93.9,23.0,0.0,2024-12-29 08:04:32.095
milky_mushroom,29.2,94.3,24.0,0.0,2024-12-29 08:04:37.466
milky_mushroom,29.2,94.6,24.0,0.0,2024-12-29 08:04:42.738
milky_mushroom,29.2,95.0,23.0,0.0,2024-12-29 08:04:47.964
milky_mushroom,29.1,95.2,23.0,0.0,2024-12-29 08:04:53.137
milky_mushroom,29.1,95.4,24.0,0.0,2024-12-29 08:04:58.455
milky_mushroom,29.0,95.7,24.0,0.0,2024-12-29 08:05:03.832
milky_mushroom,29.0,95.9,23.0,0.0,2024-12-29 08:05:09.218
milky_mushroom,29.0,96.1,24.0,0.0,2024-12-29 08:05:14.741
milky_mushroom,28.9,96.3,23.0,0.0,2024-12-29 08:05:20.014
milky_mushroom,28.9,96.4,23.0,0.0,2024-12-29 08:05:25.237
milky_mushroom,28.8,96.6,23.0,0.0,2024-12-29 08:05:30.483
milky_mushroom,28.8,96.8,23.0,0.0,2024-12-29 08:05:35.652
milky_mushroom,28.8,96.9,23.0,0.0,2024-12-29 08:05:40.864
milky_mushroom,28.7,97.0,23.0,0.0,2024-12-29 08:05:46.012
milky_mushroom,28.7,97.2,22.0,0.0,2024-12-29 08:05:56.824
milky_mushroom,28.7,97.3,23.0,0.0,2024-12-29 08:06:01.982
milky_mushroom,28.6,97.9,19.0,0.0,2024-12-29 08:06:24.071
milky_mushroom,28.5,98.3,24.0,0.0,2024-12-29 08:06:29.453
milky_mushroom,28.5,98.4,19.0,0.0,2024-12-29 08:06:34.736
milky_mushroom,28.5,98.7,18.0,0.0,2024-12-29 08:06:40.910
milky_mushroom,28.5,98.7,17.0,0.0,2024-12-29 08:06:46.145
milky_mushroom,28.5,98.8,17.0,0.0,2024-12-29 08:06:52.645
milky_mushroom,28.5,98.9,18.0,0.0,2024-12-29 08:06:58.189
milky_mushroom,28.5,99.0,17.0,0.0,2024-12-29 08:07:03.411
milky_mushroom,28.5,99.1,20.0,0.0,2024-12-29 08:07:08.724
milky_mushroom,28.5,99.2,24.0,0.0,2024-12-29 08:07:14.039
milky_mushroom,28.5,99.3,16.0,0.0,2024-12-29 08:07:20.293
milky_mushroom,28.5,99.4,17.0,0.0,2024-12-29 08:07:25.482
milky_mushroom,28.4,99.5,21.0,0.0,2024-12-29 08:07:30.659
milky_mushroom,28.5,99.6,21.0,0.0,2024-12-29 08:07:35.860
milky_mushroom,28.4,99.7,21.0,0.0,2024-12-29 08:07:43.559
milky_mushroom,28.4,99.7,22.0,0.0,2024-12-29 08:07:48.773
milky_mushroom,28.4,99.8,21.0,0.0,2024-12-29 08:07:53.912
milky_mushroom,28.4,99.9,20.0,0.0,2024-12-29 08:07:59.037
milky_mushroom,28.4,99.9,20.0,0.0,2024-12-29 08:08:04.178
milky_mushroom,28.4,100.0,23.0,0.0,2024-12-29 08:08:09.346
milky_mushroom,28.4,100.0,24.0,0.0,2024-12-29 08:08:14.593
milky_mushroom,28.4,100.0,16.0,0.0,2024-12-29 08:08:19.785
milky_mushroom,28.4,100.0,19.0,0.0,2024-12-29 08:08:24.936
milky_mushroom,28.4,100.0,20.0,0.0,2024-12-29 08:08:30.063
milky_mushroom,28.3,100.0,17.0,0.0,2024-12-29 08:08:35.344
milky_mushroom,28.3,100.0,18.0,0.0,2024-12-29 08:08:40.571
milky_mushroom,28.3,100.0,15.0,0.0,2024-12-29 08:08:45.701
milky_mushroom,28.3,100.0,20.0,0.0,2024-12-29 08:08:50.838
milky_mushroom,28.3,100.0,18.0,0.0,2024-12-29 08:08:56.066
milky_mushroom,28.3,100.0,18.0,0.0,2024-12-29 08:09:01.465
milky_mushroom,28.3,100.0,18.0,0.0,2024-12-29 08:09:06.733
milky_mushroom,28.3,100.0,17.0,0.0,2024-12-29 08:09:11.861
milky_mushroom,28.2,100.0,18.0,0.0,2024-12-29 08:09:17.029
milky_mushroom,28.3,100.0,19.0,0.0,2024-12-29 08:09:22.281
milky_mushroom,28.2,100.0,14.0,0.0,2024-12-29 08:09:27.473
milky_mushroom,28.2,100.0,15.0,0.0,2024-12-29 08:09:32.599
milky_mushroom,28.2,100.0,17.0,0.0,2024-12-29 08:09:38.434
milky_mushroom,28.2,100.0,19.0,0.0,2024-12-29 08:09:43.757
milky_mushroom,28.2,100.0,15.0,0.0,2024-12-29 08:09:48.898
milky_mushroom,28.2,100.0,17.0,0.0,2024-12-29 08:09:58.500
milky_mushroom,28.2,100.0,16.0,0.0,2024-12-29 08:10:27.201
milky_mushroom,28.1,100.0,11.0,0.0,2024-12-29 08:10:42.089
milky_mushroom,28.1,100.0,8.0,0.0,2024-12-29 08:10:49.147
milky_mushroom,28.1,100.0,10.0,0.0,2024-12-29 08:10:54.716
milky_mushroom,28.0,100.0,13.0,0.0,2024-12-29 08:11:00.046
milky_mushroom,28.0,100.0,12.0,0.0,2024-12-29 08:11:05.302
milky_mushroom,28.0,100.0,12.0,0.0,2024-12-29 08:11:15.847
milky_mushroom,27.9,100.0,13.0,0.0,2024-12-29 08:11:23.282
milky_mushroom,27.8,100.0,10.0,0.0,2024-12-29 08:11:34.867
milky_mushroom,27.6,99.7,8.0,0.0,2024-12-29 08:11:40.085
milky_mushroom,27.5,99.4,10.0,0.0,2024-12-29 08:11:45.414
milky_mushroom,27.4,99.4,15.0,0.0,2024-12-29 08:11:50.635
milky_mushroom,27.4,99.4,10.0,0.0,2024-12-29 08:11:56.985
milky_mushroom,27.4,99.5,9.0,0.0,2024-12-29 08:12:03.097
milky_mushroom,27.3,99.6,11.0,0.0,2024-12-29 08:12:15.515
milky_mushroom,27.3,99.8,12.0,0.0,2024-12-29 08:12:22.376
milky_mushroom,27.2,99.9,8.0,0.0,2024-12-29 08:12:27.940
milky_mushroom,27.2,100.0,13.0,0.0,2024-12-29 08:12:33.155
milky_mushroom,27.2,100.0,11.0,0.0,2024-12-29 08:12:38.316
milky_mushroom,27.2,100.0,9.0,0.0,2024-12-29 08:12:43.446
milky_mushroom,27.1,99.9,6.0,0.0,2024-12-29 08:12:48.709
milky_mushroom,27.1,100.0,9.0,0.0,2024-12-29 08:12:57.913
milky_mushroom,27.1,100.0,9.0,0.0,2024-12-29 08:13:03.965
milky_mushroom,27.1,100.0,10.0,0.0,2024-12-29 08:13:12.099
milky_mushroom,27.1,100.0,8.0,0.0,2024-12-29 08:13:17.227
milky_mushroom,27.1,100.0,10.0,0.0,2024-12-29 08:13:22.377
milky_mushroom,27.2,100.0,12.0,0.0,2024-12-29 08:13:27.599
milky_mushroom,27.2,100.0,14.0,0.0,2024-12-29 08:13:32.749
milky_mushroom,27.2,100.0,12.0,0.0,2024-12-29 08:13:37.953
milky_mushroom,27.2,100.0,14.0,0.0,2024-12-29 08:13:43.491
milky_mushroom,27.3,100.0,6.0,0.0,2024-12-29 08:13:51.812
milky_mushroom,28.0,100.0,28.0,0.0,2024-12-29 08:34:48.785
milky_mushroom,28.0,100.0,27.0,0.0,2024-12-29 08:34:54.217
milky_mushroom,28.0,100.0,26.0,0.0,2024-12-29 08:34:59.567
milky_mushroom,28.1,100.0,26.0,0.0,2024-12-29 08:35:04.754
milky_mushroom,28.1,100.0,26.0,0.0,2024-12-29 08:35:09.881
milky_mushroom,28.1,100.0,26.0,0.0,2024-12-29 08:35:15.106
milky_mushroom,28.1,100.0,26.0,0.0,2024-12-29 08:35:20.266
milky_mushroom,28.1,100.0,26.0,0.0,2024-12-29 08:35:25.608
milky_mushroom,28.1,100.0,26.0,0.0,2024-12-29 08:35:30.958
milky_mushroom,28.1,100.0,24.0,0.0,2024-12-29 08:35:36.139
milky_mushroom,28.1,100.0,26.0,0.0,2024-12-29 08:35:41.440
milky_mushroom,28.1,100.0,26.0,0.0,2024-12-29 08:35:46.862
milky_mushroom,28.1,100.0,26.0,0.0,2024-12-29 08:35:52.300
milky_mushroom,28.1,100.0,26.0,0.0,2024-12-29 08:35:57.580
milky_mushroom,28.1,100.0,25.0,0.0,2024-12-29 08:36:02.825
milky_mushroom,28.1,100.0,26.0,0.0,2024-12-29 08:36:07.987
milky_mushroom,28.1,100.0,25.0,0.0,2024-12-29 08:36:13.277
milky_mushroom,28.1,100.0,25.0,0.0,2024-12-29 08:36:18.625
milky_mushroom,28.1,100.0,25.0,0.0,2024-12-29 08:36:24.008
milky_mushroom,28.1,100.0,25.0,0.0,2024-12-29 08:36:29.536
milky_mushroom,28.1,100.0,25.0,0.0,2024-12-29 08:36:34.995
milky_mushroom,28.1,100.0,25.0,0.0,2024-12-29 08:36:40.502
milky_mushroom,28.1,100.0,25.0,0.0,2024-12-29 08:36:45.812
milky_mushroom,28.1,100.0,25.0,0.0,2024-12-29 08:36:51.042
milky_mushroom,28.1,100.0,24.0,0.0,2024-12-29 08:36:56.200
milky_mushroom,28.1,100.0,24.0,0.0,2024-12-29 08:37:01.413
milky_mushroom,28.1,100.0,25.0,0.0,2024-12-29 08:37:06.613
milky_mushroom,28.1,100.0,24.0,0.0,2024-12-29 08:37:11.854
milky_mushroom,28.1,100.0,25.0,0.0,2024-12-29 08:37:19.910
milky_mushroom,28.1,100.0,24.0,0.0,2024-12-29 08:37:25.279
milky_mushroom,28.1,100.0,23.0,0.0,2024-12-29 08:37:30.465
milky_mushroom,28.1,100.0,24.0,0.0,2024-12-29 08:37:38.313
milky_mushroom,28.1,100.0,23.0,0.0,2024-12-29 08:37:46.364
milky_mushroom,28.1,100.0,24.0,0.0,2024-12-29 08:37:51.501
milky_mushroom,28.1,100.0,24.0,0.0,2024-12-29 08:37:56.892
milky_mushroom,28.2,100.0,23.0,0.0,2024-12-29 08:38:02.223
milky_mushroom,28.1,100.0,23.0,0.0,2024-12-29 08:41:13.954
